"","Date","Afghanistan_cases","Albania_cases","Algeria_cases","Andorra_cases","Angola_cases","AntiguaandBarbuda_cases","Argentina_cases","Armenia_cases","Australia_cases","Austria_cases","Azerbaijan_cases","Bahrain_cases","Bangladesh_cases","Barbados_cases","Belarus_cases","Belgium_cases","Belize_cases","Benin_cases","Bhutan_cases","Bolivia_cases","BosniaandHerzegovina_cases","Botswana_cases","Brazil_cases","Brunei_cases","Bulgaria_cases","BurkinaFaso_cases","Burundi_cases","Cambodia_cases","Cameroon_cases","Canada_cases","CapeVerde_cases","CentralAfricanRepublic_cases","Chad_cases","Chile_cases","China_cases","Colombia_cases","Congo_cases","CostaRica_cases","CotedIvoire_cases","Croatia_cases","Cuba_cases","Cyprus_cases","Czechia_cases","DemocraticRepublicoftheCongo_cases","Denmark_cases","DiamondPrincessCruiseShip_cases","Djibouti_cases","Dominica_cases","DominicanRepublic_cases","EastTimor_cases","Ecuador_cases","Egypt_cases","ElSalvador_cases","EquatorialGuinea_cases","Eritrea_cases","Estonia_cases","Eswatini_cases","Ethiopia_cases","Fiji_cases","Finland_cases","France_cases","Gabon_cases","Georgia_cases","Germany_cases","Ghana_cases","Greece_cases","Grenada_cases","Guatemala_cases","Guinea_cases","GuineaBissau_cases","Guyana_cases","Haiti_cases","HolySee_cases","Honduras_cases","HongKong_cases","Hungary_cases","Iceland_cases","India_cases","Indonesia_cases","Iran_cases","Iraq_cases","Ireland_cases","Israel_cases","Italy_cases","Jamaica_cases","Japan_cases","Jordan_cases","Kazakhstan_cases","Kenya_cases","Kosovo_cases","Kuwait_cases","Kyrgyzstan_cases","Laos_cases","Latvia_cases","Lebanon_cases","Liberia_cases","Libya_cases","Liechtenstein_cases","Lithuania_cases","Luxembourg_cases","Macao_cases","Madagascar_cases","Malawi_cases","Malaysia_cases","Maldives_cases","Mali_cases","Malta_cases","Mauritania_cases","Mauritius_cases","Mexico_cases","Moldova_cases","Monaco_cases","Mongolia_cases","Montenegro_cases","Morocco_cases","Mozambique_cases","MSZaandam_cases","Myanmar_cases","Namibia_cases","Nepal_cases","Netherlands_cases","NewZealand_cases","Nicaragua_cases","Niger_cases","Nigeria_cases","NorthMacedonia_cases","Norway_cases","occupiedPalestinianterritory_cases","Oman_cases","Pakistan_cases","Panama_cases","PapuaNewGuinea_cases","Paraguay_cases","Peru_cases","Philippines_cases","Poland_cases","Portugal_cases","Qatar_cases","RepublicofKorea_cases","Romania_cases","Russia_cases","Rwanda_cases","SaintKittsandNevis_cases","SaintLucia_cases","SaintVincentandtheGrenadines_cases","SanMarino_cases","SaoTomeandPrincipe_cases","SaudiArabia_cases","Senegal_cases","Serbia_cases","Seychelles_cases","SierraLeone_cases","Singapore_cases","Slovakia_cases","Slovenia_cases","Somalia_cases","SouthAfrica_cases","SouthSudan_cases","Spain_cases","SriLanka_cases","Sudan_cases","Suriname_cases","Sweden_cases","Switzerland_cases","SyrianArabRepublic_cases","Taiwan_cases","Tanzania_cases","Thailand_cases","TheBahamas_cases","TheGambia_cases","Togo_cases","TrinidadandTobago_cases","Tunisia_cases","Turkey_cases","Uganda_cases","Ukraine_cases","UnitedArabEmirates_cases","UnitedKingdom_cases","Uruguay_cases","US_cases","Uzbekistan_cases","Venezuela_cases","Vietnam_cases","WesternSahara_cases","Yemen_cases","Zambia_cases","Zimbabwe_cases","Afghanistan_deaths","Albania_deaths","Algeria_deaths","Andorra_deaths","Angola_deaths","AntiguaandBarbuda_deaths","Argentina_deaths","Armenia_deaths","Australia_deaths","Austria_deaths","Azerbaijan_deaths","Bahrain_deaths","Bangladesh_deaths","Barbados_deaths","Belarus_deaths","Belgium_deaths","Belize_deaths","Benin_deaths","Bhutan_deaths","Bolivia_deaths","BosniaandHerzegovina_deaths","Botswana_deaths","Brazil_deaths","Brunei_deaths","Bulgaria_deaths","BurkinaFaso_deaths","Burundi_deaths","Cambodia_deaths","Cameroon_deaths","Canada_deaths","CapeVerde_deaths","CentralAfricanRepublic_deaths","Chad_deaths","Chile_deaths","China_deaths","Colombia_deaths","Congo_deaths","CostaRica_deaths","CotedIvoire_deaths","Croatia_deaths","Cuba_deaths","Cyprus_deaths","Czechia_deaths","DemocraticRepublicoftheCongo_deaths","Denmark_deaths","DiamondPrincessCruiseShip_deaths","Djibouti_deaths","Dominica_deaths","DominicanRepublic_deaths","EastTimor_deaths","Ecuador_deaths","Egypt_deaths","ElSalvador_deaths","EquatorialGuinea_deaths","Eritrea_deaths","Estonia_deaths","Eswatini_deaths","Ethiopia_deaths","Fiji_deaths","Finland_deaths","France_deaths","Gabon_deaths","Georgia_deaths","Germany_deaths","Ghana_deaths","Greece_deaths","Grenada_deaths","Guatemala_deaths","Guinea_deaths","GuineaBissau_deaths","Guyana_deaths","Haiti_deaths","HolySee_deaths","Honduras_deaths","HongKong_deaths","Hungary_deaths","Iceland_deaths","India_deaths","Indonesia_deaths","Iran_deaths","Iraq_deaths","Ireland_deaths","Israel_deaths","Italy_deaths","Jamaica_deaths","Japan_deaths","Jordan_deaths","Kazakhstan_deaths","Kenya_deaths","Kosovo_deaths","Kuwait_deaths","Kyrgyzstan_deaths","Laos_deaths","Latvia_deaths","Lebanon_deaths","Liberia_deaths","Libya_deaths","Liechtenstein_deaths","Lithuania_deaths","Luxembourg_deaths","Macao_deaths","Madagascar_deaths","Malawi_deaths","Malaysia_deaths","Maldives_deaths","Mali_deaths","Malta_deaths","Mauritania_deaths","Mauritius_deaths","Mexico_deaths","Moldova_deaths","Monaco_deaths","Mongolia_deaths","Montenegro_deaths","Morocco_deaths","Mozambique_deaths","MSZaandam_deaths","Myanmar_deaths","Namibia_deaths","Nepal_deaths","Netherlands_deaths","NewZealand_deaths","Nicaragua_deaths","Niger_deaths","Nigeria_deaths","NorthMacedonia_deaths","Norway_deaths","occupiedPalestinianterritory_deaths","Oman_deaths","Pakistan_deaths","Panama_deaths","PapuaNewGuinea_deaths","Paraguay_deaths","Peru_deaths","Philippines_deaths","Poland_deaths","Portugal_deaths","Qatar_deaths","RepublicofKorea_deaths","Romania_deaths","Russia_deaths","Rwanda_deaths","SaintKittsandNevis_deaths","SaintLucia_deaths","SaintVincentandtheGrenadines_deaths","SanMarino_deaths","SaoTomeandPrincipe_deaths","SaudiArabia_deaths","Senegal_deaths","Serbia_deaths","Seychelles_deaths","SierraLeone_deaths","Singapore_deaths","Slovakia_deaths","Slovenia_deaths","Somalia_deaths","SouthAfrica_deaths","SouthSudan_deaths","Spain_deaths","SriLanka_deaths","Sudan_deaths","Suriname_deaths","Sweden_deaths","Switzerland_deaths","SyrianArabRepublic_deaths","Taiwan_deaths","Tanzania_deaths","Thailand_deaths","TheBahamas_deaths","TheGambia_deaths","Togo_deaths","TrinidadandTobago_deaths","Tunisia_deaths","Turkey_deaths","Uganda_deaths","Ukraine_deaths","UnitedArabEmirates_deaths","UnitedKingdom_deaths","Uruguay_deaths","US_deaths","Uzbekistan_deaths","Venezuela_deaths","Vietnam_deaths","WesternSahara_deaths","Yemen_deaths","Zambia_deaths","Zimbabwe_deaths","update"
"1",2020-01-22,0,0,0,0,0,0,0,0,0,0,0,0,0,0,0,0,0,0,0,0,0,0,0,0,0,0,0,0,0,0,0,0,0,0,547,0,0,0,0,0,0,0,0,0,0,0,0,0,0,0,0,0,0,0,0,0,0,0,0,0,0,0,0,0,0,0,0,0,0,0,0,0,0,0,0,0,0,0,0,0,0,0,0,0,0,2,0,0,0,0,0,0,0,0,0,0,0,0,0,0,1,0,0,0,0,0,0,0,0,0,0,0,0,0,0,0,0,0,0,0,0,0,0,0,0,0,0,0,0,0,0,0,0,0,0,0,0,0,1,0,0,0,0,0,0,0,0,0,0,0,0,0,0,0,0,0,0,0,0,0,0,0,0,0,0,1,0,2,0,0,0,0,0,0,0,0,0,0,0,1,0,0,0,0,0,0,0,0,0,0,0,0,0,0,0,0,0,0,0,0,0,0,0,0,0,0,0,0,0,0,0,0,0,0,0,0,0,0,0,0,0,17,0,0,0,0,0,0,0,0,0,0,0,0,0,0,0,0,0,0,0,0,0,0,0,0,0,0,0,0,0,0,0,0,0,0,0,0,0,0,0,0,0,0,0,0,0,0,0,0,0,0,0,0,0,0,0,0,0,0,0,0,0,0,0,0,0,0,0,0,0,0,0,0,0,0,0,0,0,0,0,0,0,0,0,0,0,0,0,0,0,0,0,0,0,0,0,0,0,0,0,0,0,0,0,0,0,0,0,0,0,0,0,0,0,0,0,0,0,0,0,0,0,0,0,0,0,0,0,0,0,0,0,0,0,0,0,0,0,0,0,0,0,0,0,0,0,0,0,0,0,0,0,0,1
"2",2020-01-23,0,0,0,0,0,0,0,0,0,0,0,0,0,0,0,0,0,0,0,0,0,0,0,0,0,0,0,0,0,0,0,0,0,0,639,0,0,0,0,0,0,0,0,0,0,0,0,0,0,0,0,0,0,0,0,0,0,0,0,0,0,0,0,0,0,0,0,0,0,0,0,0,0,0,2,0,0,0,0,0,0,0,0,0,0,2,0,0,0,0,0,0,0,0,0,0,0,0,0,0,2,0,0,0,0,0,0,0,0,0,0,0,0,0,0,0,0,0,0,0,0,0,0,0,0,0,0,0,0,0,0,0,0,0,0,0,0,0,1,0,0,0,0,0,0,0,0,0,0,0,0,0,1,0,0,0,0,0,0,0,0,0,0,0,0,1,0,3,0,0,0,0,0,0,0,0,0,0,0,1,0,0,2,0,0,0,0,0,0,0,0,0,0,0,0,0,0,0,0,0,0,0,0,0,0,0,0,0,0,0,0,0,0,0,0,0,0,0,0,0,0,18,0,0,0,0,0,0,0,0,0,0,0,0,0,0,0,0,0,0,0,0,0,0,0,0,0,0,0,0,0,0,0,0,0,0,0,0,0,0,0,0,0,0,0,0,0,0,0,0,0,0,0,0,0,0,0,0,0,0,0,0,0,0,0,0,0,0,0,0,0,0,0,0,0,0,0,0,0,0,0,0,0,0,0,0,0,0,0,0,0,0,0,0,0,0,0,0,0,0,0,0,0,0,0,0,0,0,0,0,0,0,0,0,0,0,0,0,0,0,0,0,0,0,0,0,0,0,0,0,0,0,0,0,0,0,0,0,0,0,0,0,0,0,0,0,0,0,0,0,0,0,0,0,2
"3",2020-01-24,0,0,0,0,0,0,0,0,0,0,0,0,0,0,0,0,0,0,0,0,0,0,0,0,0,0,0,0,0,0,0,0,0,0,916,0,0,0,0,0,0,0,0,0,0,0,0,0,0,0,0,0,0,0,0,0,0,0,0,0,2,0,0,0,0,0,0,0,0,0,0,0,0,0,2,0,0,0,0,0,0,0,0,0,0,2,0,0,0,0,0,0,0,0,0,0,0,0,0,0,2,0,0,0,0,0,0,0,0,0,0,0,0,0,0,0,0,0,0,0,0,0,0,0,0,0,0,0,0,0,0,0,0,0,0,0,0,0,2,0,0,0,0,0,0,0,0,0,0,0,0,0,3,0,0,0,0,0,0,0,0,0,0,0,0,3,0,5,0,0,0,0,0,0,0,0,0,0,0,2,0,0,2,0,0,0,0,0,0,0,0,0,0,0,0,0,0,0,0,0,0,0,0,0,0,0,0,0,0,0,0,0,0,0,0,0,0,0,0,0,0,26,0,0,0,0,0,0,0,0,0,0,0,0,0,0,0,0,0,0,0,0,0,0,0,0,0,0,0,0,0,0,0,0,0,0,0,0,0,0,0,0,0,0,0,0,0,0,0,0,0,0,0,0,0,0,0,0,0,0,0,0,0,0,0,0,0,0,0,0,0,0,0,0,0,0,0,0,0,0,0,0,0,0,0,0,0,0,0,0,0,0,0,0,0,0,0,0,0,0,0,0,0,0,0,0,0,0,0,0,0,0,0,0,0,0,0,0,0,0,0,0,0,0,0,0,0,0,0,0,0,0,0,0,0,0,0,0,0,0,0,0,0,0,0,0,0,0,0,0,0,0,0,0,3
"4",2020-01-25,0,0,0,0,0,0,0,0,0,0,0,0,0,0,0,0,0,0,0,0,0,0,0,0,0,0,0,0,0,0,0,0,0,0,1399,0,0,0,0,0,0,0,0,0,0,0,0,0,0,0,0,0,0,0,0,0,0,0,0,0,3,0,0,0,0,0,0,0,0,0,0,0,0,0,5,0,0,0,0,0,0,0,0,0,0,2,0,0,0,0,0,0,0,0,0,0,0,0,0,0,2,0,0,3,0,0,0,0,0,0,0,0,0,0,0,0,0,0,0,1,0,0,0,0,0,0,0,0,0,0,0,0,0,0,0,0,0,0,2,0,0,0,0,0,0,0,0,0,0,0,0,0,3,0,0,0,0,0,0,0,0,0,0,0,0,3,0,7,0,0,0,0,0,0,0,0,0,0,0,2,0,0,2,0,0,0,0,0,0,0,0,0,0,0,0,0,0,0,0,0,0,0,0,0,0,0,0,0,0,0,0,0,0,0,0,0,0,0,0,0,0,42,0,0,0,0,0,0,0,0,0,0,0,0,0,0,0,0,0,0,0,0,0,0,0,0,0,0,0,0,0,0,0,0,0,0,0,0,0,0,0,0,0,0,0,0,0,0,0,0,0,0,0,0,0,0,0,0,0,0,0,0,0,0,0,0,0,0,0,0,0,0,0,0,0,0,0,0,0,0,0,0,0,0,0,0,0,0,0,0,0,0,0,0,0,0,0,0,0,0,0,0,0,0,0,0,0,0,0,0,0,0,0,0,0,0,0,0,0,0,0,0,0,0,0,0,0,0,0,0,0,0,0,0,0,0,0,0,0,0,0,0,0,0,0,0,0,0,0,0,0,0,0,0,4
"5",2020-01-26,0,0,0,0,0,0,0,0,4,0,0,0,0,0,0,0,0,0,0,0,0,0,0,0,0,0,0,0,0,1,0,0,0,0,2062,0,0,0,0,0,0,0,0,0,0,0,0,0,0,0,0,0,0,0,0,0,0,0,0,0,3,0,0,0,0,0,0,0,0,0,0,0,0,0,8,0,0,0,0,0,0,0,0,0,0,4,0,0,0,0,0,0,0,0,0,0,0,0,0,0,5,0,0,4,0,0,0,0,0,0,0,0,0,0,0,0,0,0,0,1,0,0,0,0,0,0,0,0,0,0,0,0,0,0,0,0,0,0,3,0,0,0,0,0,0,0,0,0,0,0,0,0,4,0,0,0,0,0,0,0,0,0,0,0,0,4,0,8,0,0,0,0,0,0,0,0,0,0,0,5,0,0,2,0,0,0,0,0,0,0,0,0,0,0,0,0,0,0,0,0,0,0,0,0,0,0,0,0,0,0,0,0,0,0,0,0,0,0,0,0,0,56,0,0,0,0,0,0,0,0,0,0,0,0,0,0,0,0,0,0,0,0,0,0,0,0,0,0,0,0,0,0,0,0,0,0,0,0,0,0,0,0,0,0,0,0,0,0,0,0,0,0,0,0,0,0,0,0,0,0,0,0,0,0,0,0,0,0,0,0,0,0,0,0,0,0,0,0,0,0,0,0,0,0,0,0,0,0,0,0,0,0,0,0,0,0,0,0,0,0,0,0,0,0,0,0,0,0,0,0,0,0,0,0,0,0,0,0,0,0,0,0,0,0,0,0,0,0,0,0,0,0,0,0,0,0,0,0,0,0,0,0,0,0,0,0,0,0,0,0,0,0,0,0,5
"6",2020-01-27,0,0,0,0,0,0,0,0,5,0,0,0,0,0,0,0,0,0,0,0,0,0,0,0,0,0,0,1,0,1,0,0,0,0,2863,0,0,0,0,0,0,0,0,0,0,0,0,0,0,0,0,0,0,0,0,0,0,0,0,0,3,0,0,1,0,0,0,0,0,0,0,0,0,0,8,0,0,0,0,0,0,0,0,0,0,4,0,0,0,0,0,0,0,0,0,0,0,0,0,0,6,0,0,4,0,0,0,0,0,0,0,0,0,0,0,0,0,0,0,1,0,0,0,0,0,0,0,0,0,0,0,0,0,0,0,0,0,0,4,0,0,0,0,0,0,0,0,0,0,0,0,0,5,0,0,0,0,0,0,1,0,0,0,0,0,5,0,8,0,0,0,0,0,0,0,0,0,0,0,5,0,0,2,0,0,0,0,0,0,0,0,0,0,0,0,0,0,0,0,0,0,0,0,0,0,0,0,0,0,0,0,0,0,0,0,0,0,0,0,0,0,82,0,0,0,0,0,0,0,0,0,0,0,0,0,0,0,0,0,0,0,0,0,0,0,0,0,0,0,0,0,0,0,0,0,0,0,0,0,0,0,0,0,0,0,0,0,0,0,0,0,0,0,0,0,0,0,0,0,0,0,0,0,0,0,0,0,0,0,0,0,0,0,0,0,0,0,0,0,0,0,0,0,0,0,0,0,0,0,0,0,0,0,0,0,0,0,0,0,0,0,0,0,0,0,0,0,0,0,0,0,0,0,0,0,0,0,0,0,0,0,0,0,0,0,0,0,0,0,0,0,0,0,0,0,0,0,0,0,0,0,0,0,0,0,0,0,0,0,0,0,0,0,0,6
"7",2020-01-28,0,0,0,0,0,0,0,0,5,0,0,0,0,0,0,0,0,0,0,0,0,0,0,0,0,0,0,1,0,2,0,0,0,0,5494,0,0,0,0,0,0,0,0,0,0,0,0,0,0,0,0,0,0,0,0,0,0,0,0,0,4,0,0,4,0,0,0,0,0,0,0,0,0,0,8,0,0,0,0,0,0,0,0,0,0,7,0,0,0,0,0,0,0,0,0,0,0,0,0,0,7,0,0,4,0,0,0,0,0,0,0,0,0,0,0,0,0,0,0,1,0,0,0,0,0,0,0,0,0,0,0,0,0,0,0,0,0,0,4,0,0,0,0,0,0,0,0,0,0,0,0,0,7,0,0,0,0,0,0,1,0,0,0,0,0,8,0,14,0,0,0,0,0,0,0,0,0,0,0,5,0,0,2,0,0,0,0,0,0,0,0,0,0,0,0,0,0,0,0,0,0,0,0,0,0,0,0,0,0,0,0,0,0,0,0,0,0,0,0,0,0,131,0,0,0,0,0,0,0,0,0,0,0,0,0,0,0,0,0,0,0,0,0,0,0,0,0,0,0,0,0,0,0,0,0,0,0,0,0,0,0,0,0,0,0,0,0,0,0,0,0,0,0,0,0,0,0,0,0,0,0,0,0,0,0,0,0,0,0,0,0,0,0,0,0,0,0,0,0,0,0,0,0,0,0,0,0,0,0,0,0,0,0,0,0,0,0,0,0,0,0,0,0,0,0,0,0,0,0,0,0,0,0,0,0,0,0,0,0,0,0,0,0,0,0,0,0,0,0,0,0,0,0,0,0,0,0,0,0,0,0,0,0,0,0,0,0,0,0,0,0,0,0,0,7
"8",2020-01-29,0,0,0,0,0,0,0,0,6,0,0,0,0,0,0,0,0,0,0,0,0,0,0,0,0,0,0,1,0,2,0,0,0,0,6070,0,0,0,0,0,0,0,0,0,0,0,0,0,0,0,0,0,0,0,0,0,0,0,0,1,5,0,0,4,0,0,0,0,0,0,0,0,0,0,10,0,0,0,0,0,0,0,0,0,0,7,0,0,0,0,0,0,0,0,0,0,0,0,0,0,7,0,0,7,0,0,0,0,0,0,0,0,0,0,0,0,0,0,0,1,0,0,0,0,0,0,0,0,0,0,0,0,0,0,0,0,0,0,4,0,0,0,0,0,0,0,0,0,0,0,0,0,7,0,0,0,0,0,0,1,0,0,0,0,0,8,0,14,0,0,0,0,0,0,0,0,4,0,0,5,0,0,2,0,0,0,0,0,0,0,0,0,0,0,0,0,0,0,0,0,0,0,0,0,0,0,0,0,0,0,0,0,0,0,0,0,0,0,0,0,0,133,0,0,0,0,0,0,0,0,0,0,0,0,0,0,0,0,0,0,0,0,0,0,0,0,0,0,0,0,0,0,0,0,0,0,0,0,0,0,0,0,0,0,0,0,0,0,0,0,0,0,0,0,0,0,0,0,0,0,0,0,0,0,0,0,0,0,0,0,0,0,0,0,0,0,0,0,0,0,0,0,0,0,0,0,0,0,0,0,0,0,0,0,0,0,0,0,0,0,0,0,0,0,0,0,0,0,0,0,0,0,0,0,0,0,0,0,0,0,0,0,0,0,0,0,0,0,0,0,0,0,0,0,0,0,0,0,0,0,0,0,0,0,0,0,0,0,0,0,0,0,0,0,8
"9",2020-01-30,0,0,0,0,0,0,0,0,9,0,0,0,0,0,0,0,0,0,0,0,0,0,0,0,0,0,0,1,0,2,0,0,0,0,8124,0,0,0,0,0,0,0,0,0,0,0,0,0,0,0,0,0,0,0,0,0,0,0,0,1,5,0,0,4,0,0,0,0,0,0,0,0,0,0,10,0,0,1,0,0,0,0,0,0,0,11,0,0,0,0,0,0,0,0,0,0,0,0,0,0,7,0,0,8,0,0,0,0,0,0,0,0,0,0,0,0,0,0,0,1,0,0,0,0,0,0,0,0,0,0,0,0,0,0,1,0,0,0,4,0,0,0,0,0,0,0,0,0,0,0,0,0,10,0,0,0,0,0,0,1,0,0,0,0,0,9,0,14,0,0,0,0,0,0,0,0,4,0,0,5,0,0,2,0,0,0,0,0,0,0,0,0,0,0,0,0,0,0,0,0,0,0,0,0,0,0,0,0,0,0,0,0,0,0,0,0,0,0,0,0,0,171,0,0,0,0,0,0,0,0,0,0,0,0,0,0,0,0,0,0,0,0,0,0,0,0,0,0,0,0,0,0,0,0,0,0,0,0,0,0,0,0,0,0,0,0,0,0,0,0,0,0,0,0,0,0,0,0,0,0,0,0,0,0,0,0,0,0,0,0,0,0,0,0,0,0,0,0,0,0,0,0,0,0,0,0,0,0,0,0,0,0,0,0,0,0,0,0,0,0,0,0,0,0,0,0,0,0,0,0,0,0,0,0,0,0,0,0,0,0,0,0,0,0,0,0,0,0,0,0,0,0,0,0,0,0,0,0,0,0,0,0,0,0,0,0,0,0,0,0,0,0,0,0,9
"10",2020-01-31,0,0,0,0,0,0,0,0,9,0,0,0,0,0,0,0,0,0,0,0,0,0,0,0,0,0,0,1,0,4,0,0,0,0,9783,0,0,0,0,0,0,0,0,0,0,0,0,0,0,0,0,0,0,0,0,0,0,0,0,1,5,0,0,5,0,0,0,0,0,0,0,0,0,0,12,0,0,1,0,0,0,0,0,2,0,15,0,0,0,0,0,0,0,0,0,0,0,0,0,0,7,0,0,8,0,0,0,0,0,0,0,0,0,0,0,0,0,0,0,1,0,0,0,0,0,0,0,0,0,0,0,0,0,0,1,0,0,0,11,0,2,0,0,0,0,0,0,0,0,0,0,0,13,0,0,0,0,0,0,1,0,0,1,0,0,10,0,19,0,0,0,0,0,0,0,0,4,2,0,7,0,0,2,0,0,0,0,0,0,0,0,0,0,0,0,0,0,0,0,0,0,0,0,0,0,0,0,0,0,0,0,0,0,0,0,0,0,0,0,0,0,213,0,0,0,0,0,0,0,0,0,0,0,0,0,0,0,0,0,0,0,0,0,0,0,0,0,0,0,0,0,0,0,0,0,0,0,0,0,0,0,0,0,0,0,0,0,0,0,0,0,0,0,0,0,0,0,0,0,0,0,0,0,0,0,0,0,0,0,0,0,0,0,0,0,0,0,0,0,0,0,0,0,0,0,0,0,0,0,0,0,0,0,0,0,0,0,0,0,0,0,0,0,0,0,0,0,0,0,0,0,0,0,0,0,0,0,0,0,0,0,0,0,0,0,0,0,0,0,0,0,0,0,0,0,0,0,0,0,0,0,0,0,0,0,0,0,0,0,0,0,0,0,0,10
"11",2020-02-01,0,0,0,0,0,0,0,0,12,0,0,0,0,0,0,0,0,0,0,0,0,0,0,0,0,0,0,1,0,4,0,0,0,0,11871,0,0,0,0,0,0,0,0,0,0,0,0,0,0,0,0,0,0,0,0,0,0,0,0,1,6,0,0,8,0,0,0,0,0,0,0,0,0,0,13,0,0,1,0,0,0,0,0,2,0,20,0,0,0,0,0,0,0,0,0,0,0,0,0,0,7,0,0,8,0,0,0,0,0,0,0,0,0,0,0,0,0,0,0,1,0,0,0,0,0,0,0,0,0,0,0,0,0,0,1,0,0,0,12,0,2,0,0,0,0,0,0,0,0,0,0,0,16,0,0,0,0,0,1,1,0,0,1,0,0,10,0,19,0,0,0,0,0,0,0,0,4,2,0,8,0,0,6,0,0,0,0,0,0,0,0,0,0,0,0,0,0,0,0,0,0,0,0,0,0,0,0,0,0,0,0,0,0,0,0,0,0,0,0,0,0,259,0,0,0,0,0,0,0,0,0,0,0,0,0,0,0,0,0,0,0,0,0,0,0,0,0,0,0,0,0,0,0,0,0,0,0,0,0,0,0,0,0,0,0,0,0,0,0,0,0,0,0,0,0,0,0,0,0,0,0,0,0,0,0,0,0,0,0,0,0,0,0,0,0,0,0,0,0,0,0,0,0,0,0,0,0,0,0,0,0,0,0,0,0,0,0,0,0,0,0,0,0,0,0,0,0,0,0,0,0,0,0,0,0,0,0,0,0,0,0,0,0,0,0,0,0,0,0,0,0,0,0,0,0,0,0,0,0,0,0,0,0,0,0,0,0,0,0,0,0,0,0,0,11
"12",2020-02-02,0,0,0,0,0,0,0,0,12,0,0,0,0,0,0,0,0,0,0,0,0,0,0,0,0,0,0,1,0,4,0,0,0,0,16607,0,0,0,0,0,0,0,0,0,0,0,0,0,0,0,0,0,0,0,0,0,0,0,0,1,6,0,0,10,0,0,0,0,0,0,0,0,0,0,15,0,0,2,0,0,0,0,0,2,0,20,0,0,0,0,0,0,0,0,0,0,0,0,0,0,8,0,0,8,0,0,0,0,0,0,0,0,0,0,0,0,0,0,0,1,0,0,0,0,0,0,0,0,0,0,0,0,0,0,2,0,0,0,15,0,2,0,0,0,0,0,0,0,0,0,0,0,18,0,0,0,0,0,1,1,0,0,1,0,0,10,0,19,0,0,0,0,0,0,0,0,5,2,0,8,0,0,6,0,0,0,0,0,0,0,0,0,0,0,0,0,0,0,0,0,0,0,0,0,0,0,0,0,0,0,0,0,0,0,0,0,0,0,0,0,0,361,0,0,0,0,0,0,0,0,0,0,0,0,0,0,0,0,0,0,0,0,0,0,0,0,0,0,0,0,0,0,0,0,0,0,0,0,0,0,0,0,0,0,0,0,0,0,0,0,0,0,0,0,0,0,0,0,0,0,0,0,0,0,0,0,0,0,0,0,0,0,0,0,0,0,0,0,0,0,0,0,0,0,0,0,0,0,0,0,0,0,0,0,0,0,0,0,0,0,0,1,0,0,0,0,0,0,0,0,0,0,0,0,0,0,0,0,0,0,0,0,0,0,0,0,0,0,0,0,0,0,0,0,0,0,0,0,0,0,0,0,0,0,0,0,0,0,0,0,0,0,0,0,12
"13",2020-02-03,0,0,0,0,0,0,0,0,12,0,0,0,0,0,0,0,0,0,0,0,0,0,0,0,0,0,0,1,0,4,0,0,0,0,19693,0,0,0,0,0,0,0,0,0,0,0,0,0,0,0,0,0,0,0,0,0,0,0,0,1,6,0,0,12,0,0,0,0,0,0,0,0,0,0,15,0,0,3,0,0,0,0,0,2,0,20,0,0,0,0,0,0,0,0,0,0,0,0,0,0,8,0,0,8,0,0,0,0,0,0,0,0,0,0,0,0,0,0,0,1,0,0,0,0,0,0,0,0,0,0,0,0,0,0,2,0,0,0,15,0,2,0,0,0,0,0,0,0,0,0,0,0,18,0,0,0,0,0,1,1,0,0,1,0,0,10,0,19,0,0,0,0,0,0,0,0,5,2,0,11,0,0,8,0,0,0,0,0,0,0,0,0,0,0,0,0,0,0,0,0,0,0,0,0,0,0,0,0,0,0,0,0,0,0,0,0,0,0,0,0,0,425,0,0,0,0,0,0,0,0,0,0,0,0,0,0,0,0,0,0,0,0,0,0,0,0,0,0,0,0,0,0,0,0,0,0,0,0,0,0,0,0,0,0,0,0,0,0,0,0,0,0,0,0,0,0,0,0,0,0,0,0,0,0,0,0,0,0,0,0,0,0,0,0,0,0,0,0,0,0,0,0,0,0,0,0,0,0,0,0,0,0,0,0,0,0,0,0,0,0,0,1,0,0,0,0,0,0,0,0,0,0,0,0,0,0,0,0,0,0,0,0,0,0,0,0,0,0,0,0,0,0,0,0,0,0,0,0,0,0,0,0,0,0,0,0,0,0,0,0,0,0,0,0,13
"14",2020-02-04,0,0,0,0,0,0,0,0,13,0,0,0,0,0,0,1,0,0,0,0,0,0,0,0,0,0,0,1,0,4,0,0,0,0,23680,0,0,0,0,0,0,0,0,0,0,0,0,0,0,0,0,0,0,0,0,0,0,0,0,1,6,0,0,12,0,0,0,0,0,0,0,0,0,0,17,0,0,3,0,0,0,0,0,2,0,22,0,0,0,0,0,0,0,0,0,0,0,0,0,0,10,0,0,10,0,0,0,0,0,0,0,0,0,0,0,0,0,0,0,1,0,0,0,0,0,0,0,0,0,0,0,0,0,0,2,0,0,0,16,0,2,0,0,0,0,0,0,0,0,0,0,0,24,0,0,0,0,0,1,1,0,0,1,0,0,11,0,25,0,0,0,0,0,0,0,0,5,2,0,11,0,0,8,0,0,0,0,0,0,0,0,0,0,0,0,0,0,0,0,0,0,0,0,0,0,0,0,0,0,0,0,0,0,0,0,0,0,0,0,0,0,490,0,0,0,0,0,0,0,0,0,0,0,0,0,0,0,0,0,0,0,0,0,0,0,0,0,0,0,0,0,0,0,0,0,0,0,0,0,0,0,1,0,0,0,0,0,0,0,0,0,0,0,0,0,0,0,0,0,0,0,0,0,0,0,0,0,0,0,0,0,0,0,0,0,0,0,0,0,0,0,0,0,0,0,0,0,0,0,0,0,0,0,0,0,0,0,0,0,0,0,1,0,0,0,0,0,0,0,0,0,0,0,0,0,0,0,0,0,0,0,0,0,0,0,0,0,0,0,0,0,0,0,0,0,0,0,0,0,0,0,0,0,0,0,0,0,0,0,0,0,0,0,0,14
"15",2020-02-05,0,0,0,0,0,0,0,0,13,0,0,0,0,0,0,1,0,0,0,0,0,0,0,0,0,0,0,1,0,5,0,0,0,0,27409,0,0,0,0,0,0,0,0,0,0,0,0,0,0,0,0,0,0,0,0,0,0,0,0,1,6,0,0,12,0,0,0,0,0,0,0,0,0,0,21,0,0,3,0,0,0,0,0,2,0,22,0,0,0,0,0,0,0,0,0,0,0,0,0,0,10,0,0,12,0,0,0,0,0,0,0,0,0,0,0,0,0,0,0,1,0,0,0,0,0,0,0,0,0,0,0,0,0,0,2,0,0,0,19,0,2,0,0,0,0,0,0,0,0,0,0,0,28,0,0,0,0,0,1,1,0,0,1,0,0,11,0,25,0,0,0,0,0,0,0,0,5,2,0,11,0,0,8,0,0,0,0,0,0,0,0,0,0,0,0,0,0,0,0,0,0,0,0,0,0,0,0,0,0,0,0,0,0,0,0,0,0,0,0,0,0,562,0,0,0,0,0,0,0,0,0,0,0,0,0,0,0,0,0,0,0,0,0,0,0,0,0,0,0,0,0,0,0,0,0,0,0,0,0,0,0,1,0,0,0,0,0,0,0,0,0,0,0,0,0,0,0,0,0,0,0,0,0,0,0,0,0,0,0,0,0,0,0,0,0,0,0,0,0,0,0,0,0,0,0,0,0,0,0,0,0,0,0,0,0,0,0,0,0,0,0,1,0,0,0,0,0,0,0,0,0,0,0,0,0,0,0,0,0,0,0,0,0,0,0,0,0,0,0,0,0,0,0,0,0,0,0,0,0,0,0,0,0,0,0,0,0,0,0,0,0,0,0,0,15
"16",2020-02-06,0,0,0,0,0,0,0,0,14,0,0,0,0,0,0,1,0,0,0,0,0,0,0,0,0,0,0,1,0,5,0,0,0,0,30553,0,0,0,0,0,0,0,0,0,0,0,0,0,0,0,0,0,0,0,0,0,0,0,0,1,6,0,0,12,0,0,0,0,0,0,0,0,0,0,24,0,0,3,0,0,0,0,0,2,0,22,0,0,0,0,0,0,0,0,0,0,0,0,0,0,10,0,0,12,0,0,0,0,0,0,0,0,0,0,0,0,0,0,0,1,0,0,0,0,0,0,0,0,0,0,0,0,0,0,2,0,0,0,23,0,2,0,0,0,0,0,0,0,0,0,0,0,28,0,0,0,0,0,1,1,0,0,1,0,0,16,0,25,0,0,0,0,0,0,0,0,5,2,0,11,0,0,10,0,0,0,0,0,0,0,0,0,0,0,0,0,0,0,0,0,0,0,0,0,0,0,0,0,0,0,0,0,0,0,0,0,0,0,0,0,0,632,0,0,0,0,0,0,0,0,0,0,0,0,0,0,0,0,0,0,0,0,0,0,0,0,0,0,0,0,0,0,0,0,0,0,0,0,0,0,0,1,0,0,0,0,0,0,0,0,0,0,0,0,0,0,0,0,0,0,0,0,0,0,0,0,0,0,0,0,0,0,0,0,0,0,0,0,0,0,0,0,0,0,0,0,0,0,0,0,0,0,0,0,0,0,0,0,0,0,0,1,0,0,0,0,0,0,0,0,0,0,0,0,0,0,0,0,0,0,0,0,0,0,0,0,0,0,0,0,0,0,0,0,0,0,0,0,0,0,0,0,0,0,0,0,0,0,0,0,0,0,0,0,16
"17",2020-02-07,0,0,0,0,0,0,0,0,15,0,0,0,0,0,0,1,0,0,0,0,0,0,0,0,0,0,0,1,0,7,0,0,0,0,34075,0,0,0,0,0,0,0,0,0,0,61,0,0,0,0,0,0,0,0,0,0,0,0,0,1,6,0,0,13,0,0,0,0,0,0,0,0,0,0,25,0,0,3,0,0,0,0,0,3,0,25,0,0,0,0,0,0,0,0,0,0,0,0,0,0,10,0,0,12,0,0,0,0,0,0,0,0,0,0,0,0,0,0,0,1,0,0,0,0,0,0,0,0,0,0,0,0,0,0,3,0,0,0,24,0,2,0,0,0,0,0,0,0,0,0,0,0,30,0,0,0,0,0,1,1,0,0,1,0,0,16,0,25,0,0,0,0,0,0,0,0,5,3,0,11,0,0,10,0,0,0,0,0,0,0,0,0,0,0,0,0,0,0,0,0,0,0,0,0,0,0,0,0,0,0,0,0,0,0,0,0,0,0,0,0,0,717,0,0,0,0,0,0,0,0,0,0,0,0,0,0,0,0,0,0,0,0,0,0,0,0,0,0,0,0,0,0,0,0,0,0,0,0,0,0,0,1,0,0,0,0,0,0,0,0,0,0,0,0,0,0,0,0,0,0,0,0,0,0,0,0,0,0,0,0,0,0,0,0,0,0,0,0,0,0,0,0,0,0,0,0,0,0,0,0,0,0,0,0,0,0,0,0,0,0,0,1,0,0,0,0,0,0,0,0,0,0,0,0,0,0,0,0,0,0,0,0,0,0,0,0,0,0,0,0,0,0,0,0,0,0,0,0,0,0,0,0,0,0,0,0,0,0,0,0,0,0,0,0,17
"18",2020-02-08,0,0,0,0,0,0,0,0,15,0,0,0,0,0,0,1,0,0,0,0,0,0,0,0,0,0,0,1,0,7,0,0,0,0,36778,0,0,0,0,0,0,0,0,0,0,61,0,0,0,0,0,0,0,0,0,0,0,0,0,1,11,0,0,13,0,0,0,0,0,0,0,0,0,0,26,0,0,3,0,0,0,0,0,3,0,25,0,0,0,0,0,0,0,0,0,0,0,0,0,0,10,0,0,16,0,0,0,0,0,0,0,0,0,0,0,0,0,0,0,1,0,0,0,0,0,0,0,0,0,0,0,0,0,0,3,0,0,0,24,0,2,0,0,0,0,0,0,0,0,0,0,0,33,0,0,0,0,0,1,1,0,0,1,0,0,17,0,32,0,0,0,0,0,0,0,0,7,3,0,11,0,0,13,0,0,0,0,0,0,0,0,0,0,0,0,0,0,0,0,0,0,0,0,0,0,0,0,0,0,0,0,0,0,0,0,0,0,0,0,0,0,804,0,0,0,0,0,0,0,0,0,0,0,0,0,0,0,0,0,0,0,0,0,0,0,0,0,0,0,0,0,0,0,0,0,0,0,0,0,0,0,1,0,0,0,0,0,0,0,0,0,0,0,0,0,0,0,0,0,0,0,0,0,0,0,0,0,0,0,0,0,0,0,0,0,0,0,0,0,0,0,0,0,0,0,0,0,0,0,0,0,0,0,0,0,0,0,0,0,0,0,1,0,0,0,0,0,0,0,0,0,0,0,0,0,0,0,0,0,0,0,0,0,0,0,0,0,0,0,0,0,0,0,0,0,0,0,0,0,0,0,0,0,0,0,0,0,0,0,0,0,0,0,0,18
"19",2020-02-09,0,0,0,0,0,0,0,0,15,0,0,0,0,0,0,1,0,0,0,0,0,0,0,0,0,0,0,1,0,7,0,0,0,0,39790,0,0,0,0,0,0,0,0,0,0,64,0,0,0,0,0,0,0,0,0,0,0,0,0,1,11,0,0,14,0,0,0,0,0,0,0,0,0,0,29,0,0,3,0,0,0,0,0,3,0,26,0,0,0,0,0,0,0,0,0,0,0,0,0,0,10,0,0,16,0,0,0,0,0,0,0,0,0,0,0,0,0,0,0,1,0,0,0,0,0,0,0,0,0,0,0,0,0,0,3,0,0,0,25,0,2,0,0,0,0,0,0,0,0,0,0,0,40,0,0,0,0,0,2,1,0,0,1,0,0,18,0,32,0,0,0,0,0,0,0,0,7,3,0,11,0,0,13,0,0,0,0,0,0,0,0,0,0,0,0,0,0,0,0,0,0,0,0,0,0,0,0,0,0,0,0,0,0,0,0,0,0,0,0,0,0,904,0,0,0,0,0,0,0,0,0,0,0,0,0,0,0,0,0,0,0,0,0,0,0,0,0,0,0,0,0,0,0,0,0,0,0,0,0,0,0,1,0,0,0,0,0,0,0,0,0,0,0,0,0,0,0,0,0,0,0,0,0,0,0,0,0,0,0,0,0,0,0,0,0,0,0,0,0,0,0,0,0,0,0,0,0,0,0,0,0,0,0,0,0,0,0,0,0,0,0,1,0,0,0,0,0,0,0,0,0,0,0,0,0,0,0,0,0,0,0,0,0,0,0,0,0,0,0,0,0,0,0,0,0,0,0,0,0,0,0,0,0,0,0,0,0,0,0,0,0,0,0,0,19
"20",2020-02-10,0,0,0,0,0,0,0,0,15,0,0,0,0,0,0,1,0,0,0,0,0,0,0,0,0,0,0,1,0,7,0,0,0,0,42306,0,0,0,0,0,0,0,0,0,0,135,0,0,0,0,0,0,0,0,0,0,0,0,0,1,11,0,0,14,0,0,0,0,0,0,0,0,0,0,38,0,0,3,0,0,0,0,0,3,0,26,0,0,0,0,0,0,0,0,0,0,0,0,0,0,10,0,0,18,0,0,0,0,0,0,0,0,0,0,0,0,0,0,0,1,0,0,0,0,0,0,0,0,0,0,0,0,0,0,3,0,0,0,27,0,2,0,0,0,0,0,0,0,0,0,0,0,45,0,0,0,0,0,2,1,0,0,1,0,0,18,0,32,0,0,0,0,0,0,0,0,8,8,0,11,0,0,14,0,0,0,0,0,0,0,0,0,0,0,0,0,0,0,0,0,0,0,0,0,0,0,0,0,0,0,0,0,0,0,0,0,0,0,0,0,0,1011,0,0,0,0,0,0,0,0,0,0,0,0,0,0,0,0,0,0,0,0,0,0,0,0,0,0,0,0,0,0,0,0,0,0,0,0,0,0,0,1,0,0,0,0,0,0,0,0,0,0,0,0,0,0,0,0,0,0,0,0,0,0,0,0,0,0,0,0,0,0,0,0,0,0,0,0,0,0,0,0,0,0,0,0,0,0,0,0,0,0,0,0,0,0,0,0,0,0,0,1,0,0,0,0,0,0,0,0,0,0,0,0,0,0,0,0,0,0,0,0,0,0,0,0,0,0,0,0,0,0,0,0,0,0,0,0,0,0,0,0,0,0,0,0,0,0,0,0,0,0,0,0,20
"21",2020-02-11,0,0,0,0,0,0,0,0,15,0,0,0,0,0,0,1,0,0,0,0,0,0,0,0,0,0,0,1,0,7,0,0,0,0,44327,0,0,0,0,0,0,0,0,0,0,135,0,0,0,0,0,0,0,0,0,0,0,0,0,1,11,0,0,16,0,0,0,0,0,0,0,0,0,0,49,0,0,3,0,0,0,0,0,3,0,26,0,0,0,0,0,0,0,0,0,0,0,0,0,0,10,0,0,18,0,0,0,0,0,0,0,0,0,0,0,0,0,0,0,1,0,0,0,0,0,0,0,0,0,0,0,0,0,0,3,0,0,0,28,0,2,0,0,0,0,0,0,0,0,0,0,0,47,0,0,0,0,0,2,1,0,0,1,0,0,18,0,33,0,0,0,0,0,0,0,0,8,8,0,12,0,0,15,0,0,0,0,0,0,0,0,0,0,0,0,0,0,0,0,0,0,0,0,0,0,0,0,0,0,0,0,0,0,0,0,0,0,0,0,0,0,1111,0,0,0,0,0,0,0,0,0,0,0,0,0,0,0,0,0,0,0,0,0,0,0,0,0,0,0,0,0,0,0,0,0,0,0,0,0,0,0,1,0,0,0,0,0,0,0,0,0,0,0,0,0,0,0,0,0,0,0,0,0,0,0,0,0,0,0,0,0,0,0,0,0,0,0,0,0,0,0,0,0,0,0,0,0,0,0,0,0,0,0,0,0,0,0,0,0,0,0,1,0,0,0,0,0,0,0,0,0,0,0,0,0,0,0,0,0,0,0,0,0,0,0,0,0,0,0,0,0,0,0,0,0,0,0,0,0,0,0,0,0,0,0,0,0,0,0,0,0,0,0,0,21
"22",2020-02-12,0,0,0,0,0,0,0,0,15,0,0,0,0,0,0,1,0,0,0,0,0,0,0,0,0,0,0,1,0,7,0,0,0,0,44699,0,0,0,0,0,0,0,0,0,0,175,0,0,0,0,0,0,0,0,0,0,0,0,0,1,11,0,0,16,0,0,0,0,0,0,0,0,0,0,50,0,0,3,0,0,0,0,0,3,0,28,0,0,0,0,0,0,0,0,0,0,0,0,0,0,10,0,0,18,0,0,0,0,0,0,0,0,0,0,0,0,0,0,0,1,0,0,0,0,0,0,0,0,0,0,0,0,0,0,3,0,0,0,28,0,2,0,0,0,0,0,0,0,0,0,0,0,50,0,0,0,0,0,2,1,0,0,1,0,0,18,0,33,0,0,0,0,0,0,0,0,8,9,0,12,0,0,15,0,0,0,0,0,0,0,0,0,0,0,0,0,0,0,0,0,0,0,0,0,0,0,0,0,0,0,0,0,0,0,0,0,0,0,0,0,0,1116,0,0,0,0,0,0,0,0,0,0,0,0,0,0,0,0,0,0,0,0,0,0,0,0,0,0,0,0,0,0,0,0,0,0,0,0,0,0,0,1,0,0,0,0,0,0,0,0,0,0,0,0,0,0,0,0,0,0,0,0,0,0,0,0,0,0,0,0,0,0,0,0,0,0,0,0,0,0,0,0,0,0,0,0,0,0,0,0,0,0,0,0,0,0,0,0,0,0,0,1,0,0,0,0,0,0,0,0,0,0,0,0,0,0,0,0,0,0,0,0,0,0,0,0,0,0,0,0,0,0,0,0,0,0,0,0,0,0,0,0,0,0,0,0,0,0,0,0,0,0,0,0,22
"23",2020-02-13,0,0,0,0,0,0,0,0,15,0,0,0,0,0,0,1,0,0,0,0,0,0,0,0,0,0,0,1,0,7,0,0,0,0,59832,0,0,0,0,0,0,0,0,0,0,175,0,0,0,0,0,0,0,0,0,0,0,0,0,1,11,0,0,16,0,0,0,0,0,0,0,0,0,0,53,0,0,3,0,0,0,0,0,3,0,28,0,0,0,0,0,0,0,0,0,0,0,0,0,0,10,0,0,19,0,0,0,0,0,0,0,0,0,0,0,0,0,0,0,1,0,0,0,0,0,0,0,0,0,0,0,0,0,0,3,0,0,0,28,0,2,0,0,0,0,0,0,0,0,0,0,0,58,0,0,0,0,0,2,1,0,0,1,0,0,18,0,33,0,0,0,0,0,0,0,0,8,9,0,13,0,0,16,0,0,0,0,0,0,0,0,0,0,0,0,0,0,0,0,0,0,0,0,0,0,0,0,0,0,0,0,0,0,0,0,0,0,0,0,0,0,1368,0,0,0,0,0,0,0,0,0,0,0,0,0,0,0,0,0,0,0,0,0,0,0,0,0,0,0,0,0,0,0,0,0,0,0,0,0,0,0,1,0,0,0,0,0,0,0,0,0,0,1,0,0,0,0,0,0,0,0,0,0,0,0,0,0,0,0,0,0,0,0,0,0,0,0,0,0,0,0,0,0,0,0,0,0,0,0,0,0,0,0,0,0,0,0,0,0,0,0,1,0,0,0,0,0,0,0,0,0,0,0,0,0,0,0,0,0,0,0,0,0,0,0,0,0,0,0,0,0,0,0,0,0,0,0,0,0,0,0,0,0,0,0,0,0,0,0,0,0,0,0,0,23
"24",2020-02-14,0,0,0,0,0,0,0,0,15,0,0,0,0,0,0,1,0,0,0,0,0,0,0,0,0,0,0,1,0,7,0,0,0,0,66292,0,0,0,0,0,0,0,0,0,0,218,0,0,0,0,0,1,0,0,0,0,0,0,0,1,11,0,0,16,0,0,0,0,0,0,0,0,0,0,56,0,0,3,0,0,0,0,0,3,0,29,0,0,0,0,0,0,0,0,0,0,0,0,0,0,10,0,0,19,0,0,0,0,0,0,0,0,0,0,0,0,0,0,0,1,0,0,0,0,0,0,0,0,0,0,0,0,0,0,3,0,0,0,28,0,2,0,0,0,0,0,0,0,0,0,0,0,67,0,0,0,0,0,2,1,0,0,1,0,0,18,0,33,0,0,0,0,0,0,0,0,8,9,0,13,0,0,16,0,0,0,0,0,0,0,0,0,0,0,0,0,0,0,0,0,0,0,0,0,0,0,0,0,0,0,0,0,0,0,0,0,0,0,0,0,0,1520,0,0,0,0,0,0,0,0,0,0,0,0,0,0,0,0,0,0,0,0,0,0,0,0,0,0,0,0,0,0,0,0,0,0,0,0,0,0,0,1,0,0,0,0,0,0,0,0,0,0,1,0,0,0,0,0,0,0,0,0,0,0,0,0,0,0,0,0,0,0,0,0,0,0,0,0,0,0,0,0,0,0,0,0,0,0,0,0,0,0,0,0,0,0,0,0,0,0,0,1,0,0,0,0,0,0,0,0,0,0,0,0,0,0,0,0,0,0,0,0,0,0,0,0,0,0,0,0,0,0,0,0,0,0,0,0,0,0,0,0,0,0,0,0,0,0,0,0,0,0,0,0,24
"25",2020-02-15,0,0,0,0,0,0,0,0,15,0,0,0,0,0,0,1,0,0,0,0,0,0,0,0,0,0,0,1,0,7,0,0,0,0,68347,0,0,0,0,0,0,0,0,0,0,285,0,0,0,0,0,1,0,0,0,0,0,0,0,1,12,0,0,16,0,0,0,0,0,0,0,0,0,0,56,0,0,3,0,0,0,0,0,3,0,43,0,0,0,0,0,0,0,0,0,0,0,0,0,0,10,0,0,22,0,0,0,0,0,0,0,0,0,0,0,0,0,0,0,1,0,0,0,0,0,0,0,0,0,0,0,0,0,0,3,0,0,0,28,0,2,0,0,0,0,0,0,0,0,0,0,0,72,0,0,0,0,0,2,1,0,0,1,0,0,18,0,33,0,0,0,0,0,0,0,0,8,9,0,13,0,0,16,0,0,0,0,0,0,0,0,0,0,0,0,0,0,0,0,0,0,0,0,0,0,0,0,0,0,0,0,0,0,0,0,0,0,0,0,0,0,1662,0,0,0,0,0,0,0,0,0,0,0,0,0,0,0,0,0,0,0,0,0,0,0,0,0,1,0,0,0,0,0,0,0,0,0,0,0,0,0,1,0,0,0,0,0,0,0,0,0,0,1,0,0,0,0,0,0,0,0,0,0,0,0,0,0,0,0,0,0,0,0,0,0,0,0,0,0,0,0,0,0,0,0,0,0,0,0,0,0,0,0,0,0,0,0,0,0,0,0,1,0,0,0,0,0,0,0,0,0,0,0,0,0,0,0,0,0,0,0,0,0,0,0,0,0,0,0,0,0,0,0,0,0,0,0,0,0,0,0,0,0,0,0,0,0,0,0,0,0,0,0,0,25
"26",2020-02-16,0,0,0,0,0,0,0,0,15,0,0,0,0,0,0,1,0,0,0,0,0,0,0,0,0,0,0,1,0,7,0,0,0,0,70446,0,0,0,0,0,0,0,0,0,0,355,0,0,0,0,0,1,0,0,0,0,0,0,0,1,12,0,0,16,0,0,0,0,0,0,0,0,0,0,57,0,0,3,0,0,0,0,0,3,0,59,0,0,0,0,0,0,0,0,0,0,0,0,0,0,10,0,0,22,0,0,0,0,0,0,0,0,0,0,0,0,0,0,0,1,0,0,0,0,0,0,0,0,0,0,0,0,0,0,3,0,0,0,29,0,2,0,0,0,0,0,0,0,0,0,0,0,75,0,0,0,0,0,2,1,0,0,1,0,0,20,0,34,0,0,0,0,0,0,0,0,9,9,0,13,0,0,16,0,0,0,0,0,0,0,0,0,0,0,0,0,0,0,0,0,0,0,0,0,0,0,0,0,0,0,0,0,0,0,0,0,0,0,0,0,0,1765,0,0,0,0,0,0,0,0,0,0,0,0,0,0,0,0,0,0,0,0,0,0,0,0,0,1,0,0,0,0,0,0,0,0,0,0,0,0,0,1,0,0,0,0,0,0,0,0,0,0,1,0,0,0,0,0,0,0,0,0,0,0,0,0,0,0,0,0,0,0,0,0,0,0,0,0,0,0,0,0,0,0,0,0,0,0,0,0,0,0,0,0,0,0,0,0,0,0,0,1,0,0,0,0,0,0,0,0,0,0,0,0,0,0,0,0,0,0,0,0,0,0,0,0,0,0,0,0,0,0,1,0,0,0,0,0,0,0,0,0,0,0,0,0,0,0,0,0,0,0,0,0,26
"27",2020-02-17,0,0,0,0,0,0,0,0,15,0,0,0,0,0,0,1,0,0,0,0,0,0,0,0,0,0,0,1,0,8,0,0,0,0,72364,0,0,0,0,0,0,0,0,0,0,454,0,0,0,0,0,1,0,0,0,0,0,0,0,1,12,0,0,16,0,0,0,0,0,0,0,0,0,0,60,0,0,3,0,0,0,0,0,3,0,66,0,0,0,0,0,0,0,0,0,0,0,0,0,0,10,0,0,22,0,0,0,0,0,0,0,0,0,0,0,0,0,0,0,1,0,0,0,0,0,0,0,0,0,0,0,0,0,0,3,0,0,0,30,0,2,0,0,0,0,0,0,0,0,0,0,0,77,0,0,0,0,0,2,1,0,0,1,0,0,22,0,35,0,0,0,0,0,0,0,0,9,9,0,13,0,0,16,0,0,0,0,0,0,0,0,0,0,0,0,0,0,0,0,0,0,0,0,0,0,0,0,0,0,0,0,0,0,0,0,0,0,0,0,0,0,1863,0,0,0,0,0,0,0,0,0,0,0,0,0,0,0,0,0,0,0,0,0,0,0,0,0,1,0,0,0,0,0,0,0,0,0,0,0,0,0,1,0,0,0,0,0,0,0,0,0,0,1,0,0,0,0,0,0,0,0,0,0,0,0,0,0,0,0,0,0,0,0,0,0,0,0,0,0,0,0,0,0,0,0,0,0,0,0,0,0,0,0,0,0,0,0,0,0,0,0,1,0,0,0,0,0,0,0,0,0,0,0,0,0,0,0,0,0,0,0,0,0,0,0,0,0,0,0,0,0,0,1,0,0,0,0,0,0,0,0,0,0,0,0,0,0,0,0,0,0,0,0,0,27
"28",2020-02-18,0,0,0,0,0,0,0,0,15,0,0,0,0,0,0,1,0,0,0,0,0,0,0,0,0,0,0,1,0,8,0,0,0,0,74139,0,0,0,0,0,0,0,0,0,0,542,0,0,0,0,0,1,0,0,0,0,0,0,0,1,12,0,0,16,0,0,0,0,0,0,0,0,0,0,62,0,0,3,0,0,0,0,0,3,0,74,0,0,0,0,0,0,0,0,0,0,0,0,0,0,10,0,0,22,0,0,0,0,0,0,0,0,0,0,0,0,0,0,0,1,0,0,0,0,0,0,0,0,0,0,0,0,0,0,3,0,0,0,31,0,2,0,0,0,0,0,0,0,0,0,0,0,81,0,0,0,0,0,2,1,0,0,1,0,0,22,0,35,0,0,0,0,0,0,0,0,9,9,0,13,0,0,16,0,0,0,0,0,0,0,0,0,0,0,0,0,0,0,0,0,0,0,0,0,0,0,0,0,0,0,0,0,0,0,0,0,0,0,0,0,0,2002,0,0,0,0,0,0,0,0,0,0,0,0,0,0,0,0,0,0,0,0,0,0,0,0,0,1,0,0,0,0,0,0,0,0,0,0,0,0,0,1,0,0,0,0,0,0,0,0,0,0,1,0,0,0,0,0,0,0,0,0,0,0,0,0,0,0,0,0,0,0,0,0,0,0,0,0,0,0,0,0,0,0,0,0,0,0,0,0,0,0,0,0,0,0,0,0,0,0,0,1,0,0,0,0,0,0,0,0,0,0,0,0,0,0,0,0,0,0,0,0,0,0,0,0,0,0,0,0,0,0,1,0,0,0,0,0,0,0,0,0,0,0,0,0,0,0,0,0,0,0,0,0,28
"29",2020-02-19,0,0,0,0,0,0,0,0,15,0,0,0,0,0,0,1,0,0,0,0,0,0,0,0,0,0,0,1,0,8,0,0,0,0,74546,0,0,0,0,0,0,0,0,0,0,621,0,0,0,0,0,1,0,0,0,0,0,0,0,1,12,0,0,16,0,0,0,0,0,0,0,0,0,0,63,0,0,3,0,2,0,0,0,3,0,84,0,0,0,0,0,0,0,0,0,0,0,0,0,0,10,0,0,22,0,0,0,0,0,0,0,0,0,0,0,0,0,0,0,1,0,0,0,0,0,0,0,0,0,0,0,0,0,0,3,0,0,0,31,0,2,0,0,0,0,0,0,0,0,0,0,0,84,0,0,0,0,0,2,1,0,0,1,0,0,23,0,35,0,0,0,0,0,0,0,0,9,9,0,13,0,0,16,0,0,0,0,0,0,0,0,0,0,0,0,0,0,0,0,0,0,0,0,0,0,0,0,0,0,0,0,0,0,0,0,0,0,0,0,0,0,2114,0,0,0,0,0,0,0,0,0,0,0,0,0,0,0,0,0,0,0,0,0,0,0,0,0,1,0,0,0,0,0,0,0,0,0,0,0,0,0,2,0,0,0,0,2,0,0,0,0,0,1,0,0,0,0,0,0,0,0,0,0,0,0,0,0,0,0,0,0,0,0,0,0,0,0,0,0,0,0,0,0,0,0,0,0,0,0,0,0,0,0,0,0,0,0,0,0,0,0,1,0,0,0,0,0,0,0,0,0,0,0,0,0,0,0,0,0,0,0,0,0,0,0,0,0,0,0,0,0,0,1,0,0,0,0,0,0,0,0,0,0,0,0,0,0,0,0,0,0,0,0,0,29
"30",2020-02-20,0,0,0,0,0,0,0,0,15,0,0,0,0,0,0,1,0,0,0,0,0,0,0,0,0,0,0,1,0,8,0,0,0,0,74999,0,0,0,0,0,0,0,0,0,0,634,0,0,0,0,0,1,0,0,0,0,0,0,0,1,12,0,0,16,0,0,0,0,0,0,0,0,0,0,68,0,0,3,0,5,0,0,0,3,0,94,0,0,0,0,0,0,0,0,0,0,0,0,0,0,10,0,0,22,0,0,0,0,0,0,0,0,0,0,0,0,0,0,0,1,0,0,0,0,0,0,0,0,0,0,0,0,0,0,3,0,0,0,104,0,2,0,0,0,0,0,0,0,0,0,0,0,84,0,0,0,0,0,2,1,0,0,1,0,0,24,0,35,0,0,0,0,0,0,0,0,9,9,0,13,0,0,16,0,0,0,0,0,0,0,0,0,0,0,0,0,0,0,0,0,0,0,0,0,0,0,0,0,0,0,0,0,0,0,0,0,0,0,0,0,0,2236,0,0,0,0,0,0,0,0,0,0,2,0,0,0,0,0,0,0,0,0,0,0,0,0,0,1,0,0,0,0,0,0,0,0,0,0,0,0,0,2,0,0,0,0,2,0,0,0,0,0,1,0,0,0,0,0,0,0,0,0,0,0,0,0,0,0,0,0,0,0,0,0,0,0,0,0,0,0,0,0,0,0,0,0,0,0,0,0,0,0,0,0,0,0,0,0,0,0,0,1,0,0,0,1,0,0,0,0,0,0,0,0,0,0,0,0,0,0,0,0,0,0,0,0,0,0,0,0,0,0,1,0,0,0,0,0,0,0,0,0,0,0,0,0,0,0,0,0,0,0,0,0,30
"31",2020-02-21,0,0,0,0,0,0,0,0,15,0,0,0,0,0,0,1,0,0,0,0,0,0,0,0,0,0,0,1,0,9,0,0,0,0,75472,0,0,0,0,0,0,0,0,0,0,634,0,0,0,0,0,1,0,0,0,0,0,0,0,1,12,0,0,16,0,0,0,0,0,0,0,0,0,0,68,0,0,3,0,18,0,0,1,20,0,105,0,0,0,0,0,0,0,0,1,0,0,0,0,0,10,0,0,22,0,0,0,0,0,0,0,0,0,0,0,0,0,0,0,1,0,0,0,0,0,0,0,0,0,0,0,0,0,0,3,0,0,0,204,0,2,0,0,0,0,0,0,0,0,0,0,0,85,0,0,0,0,0,2,1,0,0,1,0,0,26,0,35,0,0,0,0,0,0,0,0,9,9,0,15,0,0,16,0,0,0,0,0,0,0,0,0,0,0,0,0,0,0,0,0,0,0,0,0,0,0,0,0,0,0,0,0,0,0,0,0,0,0,0,0,0,2236,0,0,0,0,0,0,0,0,0,0,2,0,0,0,0,0,0,0,0,0,0,0,0,0,0,1,0,0,0,0,0,0,0,0,0,0,0,0,0,2,0,0,0,0,4,0,0,0,1,0,1,0,0,0,0,0,0,0,0,0,0,0,0,0,0,0,0,0,0,0,0,0,0,0,0,0,0,0,0,0,0,0,0,0,0,0,0,0,0,0,0,0,0,0,0,0,0,0,0,1,0,0,0,2,0,0,0,0,0,0,0,0,0,0,0,0,0,0,0,0,0,0,0,0,0,0,0,0,0,0,1,0,0,0,0,0,0,0,0,0,0,0,0,0,0,0,0,0,0,0,0,0,31
"32",2020-02-22,0,0,0,0,0,0,0,0,15,0,0,0,0,0,0,1,0,0,0,0,0,0,0,0,0,0,0,1,0,9,0,0,0,0,76922,0,0,0,0,0,0,0,0,0,0,634,0,0,0,0,0,1,0,0,0,0,0,0,0,1,12,0,0,16,0,0,0,0,0,0,0,0,0,0,69,0,0,3,0,28,0,0,1,62,0,122,0,0,0,0,0,0,0,0,1,0,0,0,0,0,10,0,0,22,0,0,0,0,0,0,0,0,0,0,0,0,0,0,0,1,0,0,0,0,0,0,0,0,0,0,0,0,0,0,3,0,0,0,433,0,2,0,0,0,0,0,0,0,0,0,0,0,85,0,0,0,0,0,2,1,0,0,1,0,0,26,0,35,0,0,0,0,0,0,0,0,13,9,0,15,0,0,16,0,0,0,0,0,0,0,0,0,0,0,0,0,0,0,0,0,0,0,0,0,0,0,0,0,0,0,0,0,0,0,0,0,0,0,0,0,0,2441,0,0,0,0,0,0,0,0,0,0,2,0,0,0,0,0,0,0,0,0,0,0,0,0,0,1,0,0,0,0,0,0,0,0,0,0,0,0,0,2,0,0,0,0,5,0,0,0,2,0,1,0,0,0,0,0,0,0,0,0,0,0,0,0,0,0,0,0,0,0,0,0,0,0,0,0,0,0,0,0,0,0,0,0,0,0,0,0,0,0,0,0,0,0,0,0,0,0,0,1,0,0,0,2,0,0,0,0,0,0,0,0,0,0,0,0,0,0,0,0,0,0,0,0,0,0,0,0,0,0,1,0,0,0,0,0,0,0,0,0,0,0,0,0,0,0,0,0,0,0,0,0,32
"33",2020-02-23,0,0,0,0,0,0,0,0,15,0,0,0,0,0,0,1,0,0,0,0,0,0,0,0,0,0,0,1,0,9,0,0,0,0,76938,0,0,0,0,0,0,0,0,0,0,691,0,0,0,0,0,1,0,0,0,0,0,0,0,1,12,0,0,16,0,0,0,0,0,0,0,0,0,0,74,0,0,3,0,43,0,0,1,155,0,147,0,0,0,0,0,0,0,0,1,0,0,0,0,0,10,0,0,22,0,0,0,0,0,0,0,0,0,0,0,0,0,0,0,1,0,0,0,0,0,0,0,0,0,0,0,0,0,0,3,0,0,0,602,0,2,0,0,0,0,0,0,0,0,0,0,0,89,0,0,0,0,0,2,1,0,0,1,0,0,28,0,35,0,0,0,0,0,0,0,0,13,9,0,15,0,0,16,0,0,0,0,0,0,0,0,0,0,0,0,0,0,0,0,0,0,0,0,0,0,0,0,0,0,0,0,0,0,0,0,0,0,0,0,0,0,2443,0,0,0,0,0,0,0,0,0,0,3,0,0,0,0,0,0,0,0,0,0,0,0,0,0,1,0,0,0,0,0,0,0,0,0,0,0,0,0,2,0,0,0,0,8,0,0,0,3,0,1,0,0,0,0,0,0,0,0,0,0,0,0,0,0,0,0,0,0,0,0,0,0,0,0,0,0,0,0,0,0,0,0,0,0,0,0,0,0,0,0,0,0,0,0,0,0,0,0,1,0,0,0,6,0,0,0,0,0,0,0,0,0,0,0,0,0,0,0,0,0,0,0,0,0,0,0,0,0,0,1,0,0,0,0,0,0,0,0,0,0,0,0,0,0,0,0,0,0,0,0,0,33
"34",2020-02-24,1,0,0,0,0,0,0,0,15,0,0,1,0,0,0,1,0,0,0,0,0,0,0,0,0,0,0,1,0,10,0,0,0,0,77152,0,0,0,0,0,0,0,0,0,0,691,0,0,0,0,0,1,0,0,0,0,0,0,0,1,12,0,0,16,0,0,0,0,0,0,0,0,0,0,79,0,0,3,0,61,1,0,1,229,0,159,0,0,0,0,1,0,0,0,1,0,0,0,0,0,10,0,0,22,0,0,0,0,0,0,0,0,0,0,0,0,0,0,0,1,0,0,0,0,0,0,0,0,2,0,0,0,0,0,3,0,0,0,833,0,2,0,0,0,0,0,0,0,0,0,0,0,89,0,0,0,0,0,2,1,0,0,1,0,0,30,0,35,0,0,0,0,0,0,0,0,13,13,0,51,0,0,16,0,0,0,0,0,0,0,0,0,0,0,0,0,0,0,0,0,0,0,0,0,0,0,0,0,0,0,0,0,0,0,0,0,0,0,0,0,0,2593,0,0,0,0,0,0,0,0,0,0,3,0,0,0,0,0,0,0,0,0,0,0,0,0,0,1,0,0,0,0,0,0,0,0,0,0,0,0,0,2,0,0,0,0,12,0,0,0,7,0,1,0,0,0,0,0,0,0,0,0,0,0,0,0,0,0,0,0,0,0,0,0,0,0,0,0,0,0,0,0,0,0,0,0,0,0,0,0,0,0,0,0,0,0,0,0,0,0,0,1,0,0,0,8,0,0,0,0,0,0,0,0,0,0,0,0,0,0,0,0,0,0,0,0,0,0,0,0,0,0,1,0,0,0,0,0,0,0,0,0,0,0,0,0,0,0,0,0,0,0,0,0,34
"35",2020-02-25,1,0,1,0,0,0,0,0,15,2,0,23,0,0,0,1,0,0,0,0,0,0,0,0,0,0,0,1,0,11,0,0,0,0,77660,0,0,0,0,1,0,0,0,0,0,691,0,0,0,0,0,1,0,0,0,0,0,0,0,1,14,0,0,17,0,0,0,0,0,0,0,0,0,0,84,0,0,3,0,95,1,0,1,322,0,170,0,0,0,0,11,0,0,0,1,0,0,0,0,0,10,0,0,22,0,0,0,0,0,0,0,0,0,0,0,0,0,0,0,1,0,0,0,0,0,0,0,0,2,0,0,0,0,0,3,0,0,0,977,0,2,0,0,0,0,0,0,0,0,0,0,0,91,0,0,0,0,0,6,1,0,0,1,1,0,31,0,37,0,0,0,0,0,0,0,0,13,13,0,51,0,0,16,0,0,0,0,0,0,0,0,0,0,0,0,0,0,0,0,0,0,0,0,0,0,0,0,0,0,0,0,0,0,0,0,0,0,0,0,0,0,2663,0,0,0,0,0,0,0,0,0,0,3,0,0,0,0,0,0,0,0,0,0,0,0,0,0,1,0,0,0,0,0,0,0,0,0,0,0,0,0,2,0,0,0,0,16,0,0,0,10,0,1,0,0,0,0,0,0,0,0,0,0,0,0,0,0,0,0,0,0,0,0,0,0,0,0,0,0,0,0,0,0,0,0,0,0,0,0,0,0,0,0,0,0,0,0,0,0,0,0,1,0,0,0,10,0,0,0,0,0,0,0,0,0,0,0,0,0,0,0,0,0,0,0,0,0,0,0,0,0,0,1,0,0,0,0,0,0,0,0,0,0,0,0,0,0,0,0,0,0,0,0,0,35
"36",2020-02-26,1,0,1,0,0,0,0,0,15,2,0,33,0,0,0,1,0,0,0,0,0,0,1,0,0,0,0,1,0,11,0,0,0,0,78065,0,0,0,0,3,0,0,0,0,0,705,0,0,0,0,0,1,0,0,0,0,0,0,0,2,18,0,1,27,0,1,0,0,0,0,0,0,0,0,91,0,0,3,0,139,5,0,2,453,0,189,0,0,0,0,26,0,0,0,2,0,0,0,0,0,10,0,0,22,0,0,0,0,0,0,0,0,0,0,0,0,0,0,0,1,0,0,0,0,0,1,1,0,4,2,0,0,0,0,3,0,0,0,1261,1,2,0,0,0,0,0,0,0,0,0,0,0,93,0,0,0,0,0,13,1,0,0,2,1,0,32,0,40,0,0,0,0,0,0,0,0,13,13,0,57,0,0,16,0,0,0,0,0,0,0,0,0,0,0,0,0,0,0,0,0,0,0,0,0,0,0,0,0,0,0,0,0,0,0,0,0,0,0,0,0,0,2715,0,0,0,0,0,0,0,0,0,0,4,0,0,0,0,0,0,0,0,0,0,0,0,0,0,2,0,0,0,0,0,0,0,0,0,0,0,0,0,2,0,0,0,0,19,0,0,0,12,0,2,0,0,0,0,0,0,0,0,0,0,0,0,0,0,0,0,0,0,0,0,0,0,0,0,0,0,0,0,0,0,0,0,0,0,0,0,0,0,0,0,0,0,0,0,0,0,0,0,1,0,0,0,12,0,0,0,0,0,0,0,0,0,0,0,0,0,0,0,0,0,0,0,0,0,0,0,0,0,0,1,0,0,0,0,0,0,0,0,0,0,0,0,0,0,0,0,0,0,0,0,0,36
"37",2020-02-27,1,0,1,0,0,0,0,0,15,3,0,33,0,0,0,1,0,0,0,0,0,0,1,0,0,0,0,1,0,13,0,0,0,0,78498,0,0,0,0,3,0,0,0,0,1,705,0,0,0,0,0,1,0,0,0,1,0,0,0,2,38,0,1,46,0,3,0,0,0,0,0,0,0,0,92,0,0,3,0,245,7,0,3,655,0,214,0,0,0,0,43,0,0,0,2,0,0,0,0,0,10,0,0,23,0,0,0,0,0,0,0,0,0,0,0,0,0,0,0,1,1,0,0,0,0,1,1,0,4,2,0,0,0,0,3,0,0,0,1766,1,2,0,0,0,0,1,0,0,0,0,0,0,93,0,0,0,0,0,15,1,0,0,7,8,0,32,0,40,0,0,0,0,0,0,0,0,13,15,0,58,0,0,16,0,0,0,0,0,0,0,0,0,0,0,0,0,0,0,0,0,0,0,0,0,0,0,0,0,0,0,0,0,0,0,0,0,0,0,0,0,0,2744,0,0,0,0,0,0,0,0,0,0,4,0,0,0,0,0,0,0,0,0,0,0,0,0,0,2,0,0,0,0,0,0,0,0,0,0,0,0,0,2,0,0,0,0,26,0,0,0,17,0,4,0,0,0,0,0,0,0,0,0,0,0,0,0,0,0,0,0,0,0,0,0,0,0,0,0,0,0,0,0,0,0,0,0,0,0,0,0,0,0,0,0,0,0,0,0,0,0,0,1,0,0,0,13,0,0,0,0,0,0,0,0,0,0,0,0,0,0,0,0,0,0,0,0,0,0,0,0,0,0,1,0,0,0,0,0,0,0,0,0,0,0,0,0,0,0,0,0,0,0,0,0,37
"38",2020-02-28,1,0,1,0,0,0,0,0,15,3,0,36,0,0,1,1,0,0,0,0,0,0,1,0,0,0,0,1,0,14,0,0,0,0,78824,0,0,0,0,5,0,0,0,0,1,705,0,0,0,0,0,1,0,0,0,1,0,0,0,2,57,0,1,48,0,4,0,0,0,0,0,0,0,0,94,0,1,3,0,388,7,0,4,888,0,228,0,0,0,0,45,0,0,0,2,0,0,0,1,0,10,0,0,23,0,0,0,0,0,1,0,0,0,0,0,0,0,0,0,1,1,1,0,0,1,1,6,0,4,2,0,0,0,0,3,0,0,0,2337,3,2,0,0,0,0,1,0,0,0,0,0,0,93,0,0,0,0,0,32,1,0,0,7,8,0,34,0,41,0,0,0,0,0,0,0,0,19,20,0,60,0,0,16,0,0,0,0,0,0,0,0,0,0,0,0,0,0,0,0,0,0,0,0,0,0,0,0,0,0,0,0,0,0,0,0,0,0,0,0,0,0,2788,0,0,0,0,0,0,0,0,0,0,6,0,0,0,0,0,0,0,0,0,0,0,0,0,0,2,0,0,0,0,0,0,0,0,0,0,0,0,0,2,0,0,0,0,34,0,0,0,21,0,4,0,0,0,0,0,0,0,0,0,0,0,0,0,0,0,0,0,0,0,0,0,0,0,0,0,0,0,0,0,0,0,0,0,0,0,0,0,0,0,0,0,0,0,0,0,0,0,0,1,0,0,0,13,0,0,0,0,0,0,0,0,0,0,0,0,0,0,0,0,0,0,0,0,0,0,0,0,0,0,1,0,0,0,0,0,0,0,0,0,0,0,0,0,0,0,0,0,0,0,0,0,38
"39",2020-02-29,1,0,1,0,0,0,0,0,25,9,0,41,0,0,1,1,0,0,0,0,0,0,2,0,0,0,0,1,0,20,0,0,0,0,79251,0,0,0,0,6,0,0,0,0,3,705,0,0,0,0,0,1,0,0,0,1,0,0,0,3,100,0,1,79,0,4,0,0,0,0,0,0,0,0,95,0,1,3,0,593,13,1,7,1128,0,241,0,0,0,0,45,0,0,0,4,0,0,0,1,1,10,0,0,25,0,0,0,0,0,4,0,1,0,0,0,0,0,0,0,1,6,1,0,0,1,1,15,0,6,4,0,0,0,0,3,0,0,1,3150,3,2,0,0,0,0,1,0,0,0,0,0,0,102,0,0,0,0,0,45,1,0,0,12,18,0,39,0,42,0,0,0,0,0,0,0,0,21,23,0,68,0,0,16,0,0,0,0,0,0,0,0,0,0,0,0,0,0,0,0,0,0,0,0,0,0,0,0,0,0,0,0,0,0,0,0,0,0,0,0,0,0,2835,0,0,0,0,0,0,0,0,0,0,6,0,0,0,0,0,0,0,0,0,0,0,0,0,0,2,0,0,0,0,0,0,0,0,0,0,0,0,0,2,0,0,0,0,43,0,0,0,29,0,5,0,0,0,0,0,0,0,0,0,0,0,0,0,0,0,0,0,0,0,0,0,0,0,0,0,0,0,0,0,0,0,0,0,0,0,0,0,0,0,0,0,0,0,0,0,0,0,0,1,0,0,0,16,0,0,0,0,0,0,0,0,0,0,0,0,0,0,0,0,0,0,0,0,0,0,0,0,0,0,1,0,0,0,0,0,0,0,0,0,0,0,0,0,1,0,0,0,0,0,0,0,39
"40",2020-03-01,1,0,1,0,0,0,0,1,27,14,3,47,0,0,1,2,0,0,0,0,0,0,2,0,0,0,0,1,0,24,0,0,0,0,79826,0,0,0,0,7,0,0,3,0,4,705,0,0,1,0,6,2,0,0,0,1,0,0,0,6,130,0,3,130,0,7,0,0,0,0,0,0,0,0,96,0,3,3,0,978,19,1,10,1694,0,256,0,0,0,0,45,0,0,0,10,0,0,0,1,1,10,0,0,29,0,0,0,0,0,5,0,1,0,0,0,0,0,0,0,1,10,1,0,0,1,1,19,0,6,4,0,0,0,0,3,0,0,3,3736,3,2,0,0,0,0,1,0,0,0,0,0,0,106,0,0,0,0,0,84,1,0,0,14,27,0,40,0,42,0,0,0,0,0,0,0,0,21,36,0,74,0,0,16,0,0,0,0,0,0,0,0,0,0,0,0,1,0,0,0,0,0,0,0,0,0,0,0,0,0,0,0,0,0,0,0,0,0,0,0,0,0,2870,0,0,0,0,0,0,0,0,0,0,6,0,0,0,0,0,0,0,0,0,0,0,0,0,0,2,0,0,0,0,0,0,0,0,0,0,0,0,0,2,0,0,0,0,54,0,0,0,34,0,6,0,0,0,0,0,0,0,0,0,0,0,0,0,0,0,0,0,0,0,0,0,0,0,0,0,0,0,0,0,0,0,0,0,0,0,0,0,0,0,0,0,0,0,0,0,0,0,0,1,0,0,0,17,0,0,0,0,0,0,0,0,0,0,0,0,0,0,0,0,0,0,0,0,0,0,0,0,0,0,1,0,1,0,0,0,0,0,0,0,0,0,0,0,1,0,0,0,0,0,0,0,40
"41",2020-03-02,1,0,3,1,0,0,0,1,30,18,3,49,0,0,1,8,0,0,0,0,0,0,2,0,0,0,0,1,0,27,0,0,0,0,80026,0,0,0,0,7,0,0,3,0,4,705,0,0,1,0,6,2,0,0,0,1,0,0,0,6,191,0,3,159,0,7,0,0,0,0,0,0,0,0,100,0,6,5,2,1501,26,1,10,2036,0,274,0,0,0,0,56,0,0,1,13,0,0,0,1,1,10,0,0,29,0,0,0,0,0,5,0,1,0,0,1,0,0,0,0,1,18,1,0,0,1,1,25,0,6,4,0,0,0,0,3,0,2,3,4335,3,3,0,0,0,0,8,0,1,1,0,0,0,108,0,0,0,0,0,120,1,0,0,15,42,0,41,0,43,0,0,0,0,0,0,0,0,21,40,0,98,0,0,16,0,0,0,0,0,0,0,0,0,0,0,0,1,0,0,0,0,0,0,0,0,0,0,0,0,0,0,0,0,0,0,0,0,0,0,0,0,0,2912,0,0,0,0,0,0,0,0,0,0,6,0,0,0,0,0,0,0,0,0,0,0,0,0,0,3,0,0,0,0,0,0,0,0,0,0,0,0,0,2,0,0,0,0,66,0,0,0,52,0,6,0,0,0,0,0,0,0,0,0,0,0,0,0,0,0,0,0,0,0,0,0,0,0,0,0,0,0,0,0,0,0,0,0,0,0,0,0,0,0,0,0,0,0,0,0,0,0,0,1,0,0,0,28,0,0,0,0,0,0,0,0,0,0,0,0,0,0,0,0,0,0,0,0,0,0,0,0,0,0,1,0,1,0,0,0,0,0,0,0,0,0,0,0,6,0,0,0,0,0,0,0,41
"42",2020-03-03,1,0,5,1,0,0,1,1,39,21,3,49,0,0,1,13,0,0,0,0,0,0,2,0,0,0,0,1,0,30,0,0,0,1,80151,0,0,0,0,9,0,0,5,0,6,706,0,0,1,0,7,2,0,0,0,2,0,0,0,6,204,0,3,196,0,7,0,0,0,0,0,0,0,0,100,0,11,5,2,2336,32,2,12,2502,0,293,1,0,0,0,56,0,0,1,13,0,0,0,1,1,10,0,0,36,0,0,0,0,0,5,0,1,0,0,1,0,0,0,0,1,24,1,0,0,1,1,32,0,12,5,0,0,0,0,3,0,2,7,5186,3,3,0,0,0,0,10,0,1,2,0,0,0,110,0,0,0,0,0,165,1,0,0,21,56,0,42,0,43,0,0,0,0,0,0,0,1,27,51,0,118,0,0,16,0,0,0,0,0,0,0,0,0,0,0,0,1,0,0,0,0,0,0,0,0,0,0,0,0,0,0,0,0,0,0,0,0,0,0,0,0,0,2945,0,0,0,0,0,0,0,0,0,0,6,0,0,0,0,0,0,0,0,0,0,0,0,0,0,4,0,0,0,0,0,0,0,0,0,0,0,0,0,2,0,0,0,0,77,0,0,0,79,0,6,0,0,0,0,0,0,0,0,0,0,0,0,0,0,0,0,0,0,0,0,0,0,0,0,0,0,0,0,0,0,0,0,0,0,0,0,0,0,0,0,0,0,0,0,0,0,0,0,1,0,0,0,28,0,0,0,0,0,0,1,0,0,0,0,0,0,0,0,0,0,0,0,1,0,0,0,0,0,0,1,0,1,0,0,0,0,0,0,0,0,0,0,0,7,0,0,0,0,0,0,0,42
"43",2020-03-04,1,0,12,1,0,0,1,1,52,29,3,52,0,0,6,23,0,0,0,0,0,0,4,0,0,0,0,1,0,33,0,0,0,1,80271,0,0,0,0,10,0,0,8,0,11,706,0,0,1,0,10,2,0,0,0,2,0,0,0,6,288,0,3,262,0,9,0,0,0,0,0,0,0,0,105,2,26,28,2,2922,35,6,15,3089,0,331,1,0,0,0,56,0,0,1,13,0,0,1,1,1,10,0,0,50,0,0,0,0,0,5,0,1,0,0,1,0,0,0,0,1,38,3,0,0,1,1,56,0,15,5,0,0,0,0,3,1,5,8,5621,4,3,0,0,0,0,16,0,1,4,0,0,0,110,0,0,0,0,0,222,1,0,0,35,90,0,42,0,43,0,0,0,0,1,0,0,1,27,86,0,149,0,0,16,0,0,0,0,0,0,0,0,0,0,0,0,2,0,0,0,0,0,0,0,0,0,0,0,0,0,0,0,0,0,0,0,0,0,0,0,0,0,2981,0,0,0,0,0,0,0,0,0,0,6,0,0,0,0,0,0,0,0,0,0,0,0,0,0,4,0,0,0,0,0,0,0,0,0,0,0,0,0,2,0,0,0,0,92,2,0,0,107,0,6,0,0,0,0,0,0,0,0,0,0,0,0,0,0,0,0,0,0,0,0,0,0,0,0,0,0,0,0,0,0,0,0,0,0,0,0,0,0,0,0,0,0,0,0,0,0,0,0,1,0,0,0,35,0,0,0,0,0,0,1,0,0,0,0,0,0,0,0,0,0,0,0,2,0,0,0,0,0,0,1,0,1,0,0,0,0,0,0,0,0,0,0,0,11,0,0,0,0,0,0,0,43
"44",2020-03-05,1,0,12,1,0,0,1,1,55,41,6,55,0,0,6,50,0,0,0,0,2,0,4,0,0,0,0,1,0,37,0,0,0,4,80422,0,0,0,0,10,0,0,12,0,11,706,0,0,1,0,13,3,0,0,0,3,0,0,0,12,380,0,4,482,0,31,0,0,0,0,0,0,0,0,105,2,34,30,2,3513,35,6,20,3858,0,360,1,0,0,0,58,0,0,1,16,0,0,1,1,1,10,0,0,50,0,0,0,0,0,5,0,1,0,0,2,0,0,0,0,1,82,3,0,0,1,1,87,4,16,5,0,0,0,0,3,1,8,8,6088,6,4,0,0,0,0,21,0,5,4,0,0,0,117,0,2,0,1,0,259,1,0,0,94,114,0,44,0,47,0,0,0,0,1,0,0,1,29,116,0,217,0,0,16,0,0,0,0,0,0,0,0,0,0,0,0,2,0,0,0,0,0,0,0,0,0,0,0,0,0,0,0,0,0,0,0,0,0,0,0,0,0,3013,0,0,0,0,0,0,0,0,0,0,6,0,0,0,0,0,0,0,0,0,0,0,0,0,0,6,0,0,0,0,0,0,0,0,0,0,0,0,0,2,0,0,0,0,107,2,0,0,148,0,6,0,0,0,0,0,0,0,0,0,0,0,0,0,0,0,0,0,0,0,0,0,0,0,0,0,0,0,0,0,0,0,0,0,0,0,0,0,0,0,0,0,0,0,0,0,0,0,0,1,0,0,0,35,0,0,0,0,0,0,1,0,0,0,0,0,0,0,0,0,0,0,0,3,0,0,0,0,1,0,1,0,1,0,0,0,0,0,0,0,0,0,1,0,12,0,0,0,0,0,0,0,44
"45",2020-03-06,1,0,17,1,0,0,2,1,60,55,6,60,0,0,6,109,0,0,1,0,2,0,13,0,0,0,0,1,1,49,0,0,0,4,80573,1,0,1,0,11,0,0,18,0,24,706,0,0,2,0,13,15,0,0,0,10,0,0,0,15,656,0,4,670,0,45,0,0,0,0,0,0,1,0,107,2,43,31,4,4747,40,18,37,4636,0,420,1,0,0,0,58,0,0,1,22,0,0,1,1,2,10,0,0,83,0,0,0,0,0,6,0,1,0,0,2,0,0,0,0,1,128,4,0,0,1,3,108,7,16,6,0,0,0,1,5,5,13,8,6593,9,13,0,0,0,0,21,0,5,4,1,0,0,130,1,7,0,1,0,400,1,0,0,101,214,0,45,0,48,0,0,1,0,1,0,0,1,29,164,0,262,0,0,16,0,0,0,0,0,0,0,0,0,0,0,0,2,0,0,0,0,0,0,0,0,0,0,0,0,0,0,0,0,0,0,0,0,0,0,0,0,0,3042,0,0,0,0,0,0,0,0,0,0,6,0,0,0,0,0,0,0,0,0,0,0,0,0,0,9,0,0,0,0,0,0,0,0,0,0,0,0,0,2,0,0,0,0,124,3,0,0,197,0,6,0,0,0,0,0,0,0,0,0,0,0,0,0,0,0,0,0,0,0,0,0,0,0,0,0,0,0,0,0,0,0,0,0,0,1,0,0,0,0,0,0,0,0,0,0,0,0,0,1,0,0,0,42,0,0,0,0,0,0,1,0,0,0,0,0,0,0,0,0,0,0,0,5,0,0,0,0,1,0,1,0,1,0,0,0,0,0,0,0,0,0,2,0,14,0,0,0,0,0,0,0,45
"46",2020-03-07,1,0,17,1,0,0,8,1,63,79,9,85,0,0,6,169,0,0,1,0,3,0,13,0,0,0,0,1,1,54,0,0,0,4,80652,1,0,1,0,12,0,0,19,0,24,706,0,0,2,0,13,15,0,0,0,10,0,0,0,15,959,0,4,799,0,46,0,0,0,0,0,0,1,0,108,4,50,34,4,5823,54,18,43,5883,0,461,1,0,0,0,61,0,0,1,22,0,0,1,1,2,10,0,0,93,0,0,3,0,0,6,0,1,0,0,2,0,0,0,0,1,188,5,0,0,1,3,147,16,16,6,0,0,0,1,6,5,20,8,7041,9,13,0,0,0,0,23,0,5,4,1,0,0,138,1,7,0,1,0,500,1,0,0,161,268,0,45,0,50,0,0,1,0,1,0,0,1,45,207,0,402,0,0,18,0,0,0,0,0,0,0,0,0,0,0,0,2,0,0,0,0,0,0,0,0,0,0,0,0,0,0,0,0,0,0,0,0,0,0,0,0,0,3070,0,0,0,0,0,0,0,0,0,0,6,0,0,0,0,0,0,0,0,0,0,0,0,0,0,11,0,0,0,0,0,0,0,0,0,0,0,0,0,2,0,0,0,0,145,4,0,0,233,0,6,0,0,0,0,0,0,0,0,0,0,0,0,0,0,0,0,0,0,0,0,0,0,0,0,0,0,0,0,0,0,0,0,0,0,1,0,0,0,0,0,0,0,0,0,0,0,0,0,1,0,0,0,44,0,0,0,0,0,0,1,0,0,0,0,0,0,0,0,0,0,0,0,10,0,0,0,0,1,0,1,0,1,0,0,0,0,0,0,0,0,0,2,0,17,0,0,0,0,0,0,0,46
"47",2020-03-08,4,0,19,1,0,0,12,1,76,104,9,85,3,0,6,200,0,0,1,0,3,0,20,0,4,0,0,2,2,64,0,0,0,8,80699,1,0,5,0,12,0,0,31,0,37,706,0,0,5,0,14,49,0,0,0,10,0,0,0,23,1136,0,13,1040,0,73,0,0,0,0,0,0,1,0,114,7,50,39,6,6566,60,19,61,7375,0,502,1,0,0,0,64,0,0,2,32,0,0,1,1,3,10,0,0,99,4,0,3,0,0,7,1,1,0,0,2,0,0,0,0,1,265,5,0,0,1,3,176,16,16,6,0,0,1,6,10,11,30,15,7314,15,17,0,0,0,0,36,0,11,4,1,0,0,150,3,16,0,3,0,673,1,0,0,203,337,0,45,0,50,0,0,1,0,2,0,0,1,45,274,0,518,0,0,30,0,0,0,0,0,0,0,0,0,0,1,0,3,0,0,0,0,0,0,0,0,0,0,0,0,0,0,0,0,0,0,0,0,0,0,0,0,0,3097,0,0,0,0,0,0,0,0,0,0,6,0,0,0,0,0,1,0,0,0,0,0,0,0,0,19,0,0,0,0,0,0,0,0,0,0,0,0,0,3,0,0,0,0,194,6,0,0,366,0,6,0,0,0,0,0,0,0,0,0,0,0,0,0,0,0,0,0,0,0,0,0,0,0,0,0,0,0,0,0,0,0,0,0,0,3,0,0,0,0,0,0,0,0,0,0,0,0,0,1,0,0,0,50,0,0,0,0,0,0,1,0,0,0,0,0,0,0,0,0,0,0,0,17,0,0,0,0,2,0,1,0,1,0,0,0,0,0,0,0,0,0,3,0,21,0,0,0,0,0,0,0,47
"48",2020-03-09,4,2,20,1,0,0,12,1,91,131,9,95,3,0,6,239,0,0,1,0,3,0,25,1,4,0,0,2,2,77,0,0,0,8,80735,1,0,9,0,12,0,2,31,0,92,706,0,0,5,0,15,55,0,0,0,10,0,0,0,30,1219,0,15,1176,0,73,0,0,0,0,0,0,1,0,115,9,58,43,19,7161,60,21,61,9172,0,511,1,0,0,0,64,0,0,6,32,0,0,1,1,3,10,0,0,117,4,0,3,0,0,7,1,1,0,0,2,0,0,0,0,1,321,5,0,0,2,3,205,19,16,6,0,0,1,7,20,16,30,18,7478,15,17,0,0,0,0,36,0,15,4,1,0,0,150,3,16,0,3,0,1073,1,0,0,248,374,0,45,0,50,0,0,1,0,2,0,0,1,45,322,0,583,0,0,30,0,0,0,0,0,0,0,0,0,0,1,0,3,0,0,0,0,0,0,0,0,0,0,0,0,0,0,0,0,0,0,0,0,1,0,0,0,0,3120,0,0,0,0,0,0,0,0,0,0,6,0,0,0,0,0,1,0,0,0,0,0,0,0,0,19,0,0,2,0,0,0,0,0,0,0,0,0,0,3,0,0,0,0,237,6,0,0,463,0,10,0,0,0,0,0,0,0,0,0,0,0,0,0,0,0,0,0,0,0,0,0,0,0,0,0,0,0,0,0,0,0,0,0,0,3,0,0,0,0,0,0,0,0,0,0,0,0,0,1,0,0,0,53,0,0,0,0,0,0,1,0,0,0,0,0,0,0,0,0,0,0,0,28,0,0,0,0,2,0,1,0,1,0,0,0,0,0,0,0,0,0,4,0,22,0,0,0,0,0,0,0,48
"49",2020-03-10,5,10,20,1,0,0,17,1,107,182,11,110,3,0,9,267,0,0,1,0,5,0,31,1,4,1,0,2,2,79,0,0,0,13,80757,3,0,9,0,14,0,3,41,0,264,706,0,0,5,0,15,59,0,0,0,12,0,0,0,40,1794,0,15,1457,0,89,0,0,0,0,0,0,1,0,120,9,69,56,27,8042,71,34,75,10149,0,581,1,0,0,0,69,0,0,8,41,0,0,1,1,5,10,0,0,129,6,0,5,0,0,7,3,1,1,0,3,0,0,0,0,1,382,5,0,0,2,7,400,26,18,16,1,0,1,11,33,22,41,24,7513,25,20,0,0,0,0,51,0,20,4,5,0,0,160,7,31,0,7,0,1695,1,0,0,355,491,0,47,0,53,0,0,1,0,5,0,0,1,74,384,0,959,0,0,31,0,0,0,0,0,0,0,0,0,0,1,0,3,0,0,0,0,0,0,0,0,0,0,0,0,0,0,0,0,0,0,0,0,1,0,0,0,0,3136,0,0,0,0,0,0,0,0,0,0,6,0,0,0,0,0,1,0,0,0,0,0,0,0,0,33,0,0,2,0,0,0,0,0,0,0,0,0,0,3,0,0,0,0,291,7,0,0,631,0,10,0,0,0,0,0,0,0,0,1,0,0,0,0,0,0,0,0,0,0,0,0,0,0,0,0,0,0,0,1,0,0,0,0,0,4,0,0,0,0,0,0,0,0,0,0,0,0,0,1,0,0,0,54,0,0,0,0,0,0,2,0,0,0,0,0,0,0,0,0,0,0,0,35,0,0,0,0,3,0,1,0,1,0,0,0,0,0,0,0,0,0,6,0,28,0,0,0,0,0,0,0,49
"50",2020-03-11,7,12,20,1,0,0,19,1,128,246,11,195,3,0,9,314,0,0,1,2,7,0,38,11,7,2,0,3,2,108,0,0,0,23,80785,9,0,13,1,19,0,6,91,1,444,706,0,0,5,0,17,60,0,0,0,16,0,0,0,59,2293,0,24,1908,0,99,0,0,0,0,0,0,1,2,126,13,85,62,34,9000,71,43,79,12462,1,639,1,0,0,0,72,0,0,10,61,0,0,1,3,7,10,0,0,149,8,0,6,0,0,8,3,1,1,0,5,0,0,0,0,1,503,5,0,0,2,7,598,30,18,19,8,0,5,11,49,31,59,262,7755,45,20,0,0,0,0,62,0,21,4,12,0,0,178,10,57,0,13,0,2277,2,0,0,500,652,0,48,0,59,0,0,1,0,7,1,0,1,74,459,0,1281,0,0,38,0,0,0,0,0,1,0,0,0,0,1,0,3,0,0,0,0,0,0,3,0,0,0,0,0,0,0,0,1,0,0,0,0,1,0,0,0,0,3158,0,0,0,0,0,0,0,0,0,0,7,0,0,0,0,0,1,0,0,0,0,0,0,0,0,48,0,0,3,0,1,0,0,0,0,0,0,0,0,3,0,0,1,1,354,7,1,0,827,0,15,0,0,0,0,0,0,0,0,3,0,0,0,0,0,0,0,0,0,0,0,0,0,0,0,0,0,0,0,1,0,0,0,0,0,5,0,0,0,0,0,0,0,0,0,1,0,0,0,1,0,0,0,60,0,0,0,0,0,0,2,0,0,0,0,0,0,0,0,0,0,0,0,54,0,0,0,1,4,0,1,0,1,0,0,0,0,0,0,0,0,0,8,0,36,0,0,0,0,0,0,0,50
"51",2020-03-12,7,23,24,1,0,0,19,4,128,302,11,195,3,0,12,314,0,0,1,2,11,0,52,11,7,2,0,3,2,117,0,0,0,23,80793,9,0,22,1,19,3,6,94,1,617,706,0,0,5,0,17,67,0,0,0,16,0,0,0,59,2293,0,24,2078,0,99,0,0,0,0,1,0,1,2,129,13,103,73,34,10075,71,43,100,12462,2,639,1,0,0,0,80,0,0,10,61,0,0,1,3,19,10,0,0,149,8,0,6,0,0,12,3,2,1,0,6,0,0,0,0,1,503,5,0,0,2,7,702,30,18,20,11,0,5,15,52,49,59,262,7869,49,28,0,0,0,0,69,0,45,4,19,0,0,178,16,89,0,17,0,2277,2,0,0,599,652,0,49,0,70,0,0,1,0,7,1,0,1,85,459,0,1663,0,0,39,0,0,0,0,0,1,1,0,0,0,1,0,3,1,0,0,0,0,0,3,0,0,0,0,0,0,0,0,1,0,0,0,0,1,0,0,0,0,3169,0,0,0,0,0,0,0,0,0,0,7,0,0,0,0,0,1,0,0,0,0,0,0,0,0,48,0,0,3,0,1,0,0,0,0,1,0,0,0,3,0,0,1,1,429,8,1,0,827,0,16,0,0,0,0,0,0,0,0,3,0,0,0,0,0,0,0,0,0,0,0,0,0,0,0,0,0,0,0,1,0,0,0,0,0,5,0,0,0,0,0,0,0,0,0,1,0,0,0,2,1,0,0,66,0,0,0,0,0,0,3,0,0,0,0,0,0,0,0,0,0,0,0,55,0,0,0,1,4,0,1,0,1,0,0,0,0,0,0,0,0,0,8,0,40,0,0,0,0,0,0,0,51
"52",2020-03-13,7,33,26,1,0,1,31,8,200,504,15,195,3,0,27,559,0,0,1,3,13,0,151,37,23,2,0,5,2,193,0,0,0,43,80801,13,0,23,1,32,4,14,141,2,804,706,0,0,5,0,17,80,0,0,0,79,0,1,0,155,3681,0,25,3675,0,190,0,0,1,0,1,0,1,2,134,19,134,82,69,11364,101,90,126,17660,8,701,1,4,1,0,80,0,0,17,77,0,0,1,6,34,10,0,0,197,9,0,12,0,0,12,6,2,1,0,7,0,0,0,0,1,806,5,0,0,2,14,996,31,19,28,27,0,6,28,64,68,112,320,7979,89,45,0,0,0,0,80,0,86,10,35,0,0,200,32,141,0,24,0,5232,6,1,0,814,1139,0,50,0,75,0,0,1,0,16,5,0,3,85,802,0,2179,0,0,47,0,0,0,0,0,1,2,0,0,0,2,0,3,1,1,0,0,0,0,3,0,0,0,0,0,0,0,0,1,0,0,0,0,1,0,0,0,0,3176,0,0,0,0,0,0,0,0,0,0,7,0,0,0,0,0,2,0,0,0,0,0,0,0,0,79,0,0,7,0,1,0,0,0,0,1,0,0,0,4,0,0,2,4,514,9,1,0,1266,0,19,0,0,0,0,0,0,0,0,3,0,0,0,0,0,0,0,0,0,0,0,0,0,0,0,0,0,0,0,1,0,0,0,0,0,10,0,0,0,0,0,0,0,0,0,1,0,0,0,5,2,0,0,66,0,0,0,0,0,0,5,0,0,0,0,0,0,0,0,0,0,0,0,133,0,1,0,1,11,0,1,0,1,0,0,0,0,0,0,0,1,0,8,0,47,0,0,0,0,0,0,0,52
"53",2020-03-14,11,38,37,1,0,1,34,18,250,655,15,210,3,0,27,689,0,0,1,10,18,0,151,40,41,2,0,7,2,198,0,0,0,61,80827,22,0,26,1,38,4,26,189,2,836,706,0,0,11,0,28,109,0,0,0,115,1,1,0,225,4496,1,30,4585,3,228,0,1,1,0,1,0,1,2,140,30,156,102,96,12729,110,129,155,21157,8,773,1,6,1,0,104,0,0,26,93,0,0,4,8,51,10,0,0,238,10,0,18,1,0,26,12,2,1,0,17,0,0,0,2,1,962,6,0,0,2,14,1090,35,19,31,36,0,6,38,111,103,169,337,8086,123,59,1,0,1,1,80,0,103,10,46,2,0,212,44,181,0,38,0,6391,10,1,1,961,1359,0,53,0,82,0,0,1,2,18,5,0,3,85,1144,4,2727,0,2,53,0,0,0,0,0,1,3,0,0,0,2,0,3,1,1,0,0,0,0,4,0,0,0,0,0,0,0,0,2,0,0,0,0,1,0,0,0,0,3189,0,0,0,0,0,0,0,0,0,1,7,0,0,0,0,2,2,0,0,0,0,0,0,0,0,91,0,0,9,0,3,0,0,0,0,1,0,0,0,4,0,0,2,5,611,10,2,0,1441,0,22,0,0,0,0,0,0,0,0,3,0,0,0,0,1,0,0,0,0,0,0,0,0,0,0,0,0,0,0,1,0,0,0,0,0,12,0,0,0,0,0,3,0,0,0,1,0,0,0,8,3,0,0,72,0,0,0,0,0,0,5,0,0,0,0,0,0,0,0,1,0,0,0,195,0,1,0,2,13,0,1,0,1,0,0,0,0,0,0,0,1,0,21,0,54,0,0,0,0,0,0,0,53
"54",2020-03-15,16,42,48,1,0,1,45,26,297,860,23,214,5,0,27,886,0,0,1,10,24,0,162,50,51,3,0,7,2,252,0,1,0,74,80848,34,1,27,1,49,4,26,253,2,875,706,0,0,11,0,28,110,0,1,0,171,1,1,0,244,4532,1,33,5795,6,331,0,1,1,0,4,0,1,3,145,32,171,113,117,13938,116,129,213,24747,10,839,8,9,3,0,112,0,0,30,110,0,0,4,12,59,10,0,0,428,13,0,21,1,0,41,23,2,1,0,28,0,0,0,2,1,1138,8,0,0,2,14,1221,38,22,53,43,0,6,43,140,119,245,401,8162,131,63,1,0,2,1,101,0,103,24,48,2,0,226,54,219,0,51,0,7798,18,1,1,1022,2200,0,59,0,114,0,0,1,2,18,6,0,3,98,1145,4,3499,1,10,56,0,0,0,0,0,1,4,0,0,0,2,0,3,1,1,0,0,0,0,4,0,0,0,0,0,0,0,0,2,0,0,0,0,1,0,0,0,0,3199,0,0,0,0,0,0,0,0,0,2,7,0,0,0,0,2,2,0,0,0,0,0,0,0,0,91,0,0,11,0,4,0,0,0,0,1,0,0,0,4,1,5,2,5,724,10,2,0,1809,0,22,0,0,0,0,0,0,0,0,3,0,0,0,0,1,0,0,0,0,0,0,0,0,0,0,0,0,0,0,1,0,0,0,0,0,20,0,0,0,0,0,3,0,0,0,1,0,0,0,11,3,0,0,75,0,0,0,0,0,0,5,0,0,0,0,0,0,0,0,1,0,0,0,289,0,1,0,3,14,0,1,0,1,0,0,0,0,0,0,0,1,0,21,0,63,0,0,0,0,0,0,0,54
"55",2020-03-16,21,51,54,2,0,1,56,52,377,1018,28,214,8,0,36,1058,0,1,1,11,25,0,200,54,52,15,0,7,4,415,0,1,0,155,80867,54,1,35,1,57,4,33,298,2,933,706,0,0,11,0,37,150,0,1,0,205,1,5,0,277,6683,1,33,7272,6,331,0,2,1,0,4,0,1,6,155,39,180,119,134,14991,124,169,218,27980,10,839,17,10,3,0,123,0,0,34,110,1,0,4,17,77,11,0,0,566,13,0,30,1,0,53,23,7,1,0,29,0,0,0,2,1,1416,8,0,0,2,18,1333,38,22,136,55,0,8,86,142,177,331,439,8236,158,90,5,0,2,1,109,0,118,24,55,3,0,243,63,253,1,62,0,9942,28,1,1,1103,2200,0,67,1,147,1,0,1,4,20,18,0,7,98,1551,8,4632,6,17,61,0,0,0,0,0,1,4,0,0,0,2,0,3,3,1,1,0,0,0,5,0,0,0,0,0,0,0,0,2,0,0,0,0,4,0,0,0,0,3213,0,0,0,0,0,0,0,0,0,3,7,0,0,0,0,2,2,0,0,0,0,0,0,0,0,149,0,0,17,0,4,0,1,0,0,1,0,0,0,4,1,0,2,5,853,10,2,0,2158,0,27,0,0,0,0,0,0,0,0,3,0,0,0,0,1,0,0,0,0,0,0,0,0,0,0,0,0,0,0,1,0,0,0,0,0,24,0,0,0,0,0,3,0,0,0,1,0,0,0,12,4,0,0,75,0,0,0,0,0,0,7,0,0,0,0,0,0,0,0,1,0,0,0,342,0,1,0,6,14,0,1,0,1,0,0,0,0,0,0,0,1,0,56,0,85,0,0,0,0,0,0,0,55
"56",2020-03-17,22,55,60,39,0,1,68,78,452,1332,28,228,10,2,36,1243,0,1,1,11,26,0,321,56,67,15,0,33,10,478,0,1,0,201,80884,65,1,41,5,65,5,46,396,3,1025,706,0,0,21,0,58,196,0,1,0,225,1,5,0,321,7715,1,34,9257,7,387,0,6,1,0,7,0,1,8,162,50,220,142,172,16169,154,223,250,31506,12,878,34,33,3,0,130,0,0,49,120,1,0,7,25,140,12,0,0,673,13,0,38,1,0,82,30,7,5,2,38,0,0,0,2,1,1711,12,0,0,3,26,1463,39,24,236,69,0,9,117,187,238,448,439,8320,184,114,7,0,2,1,109,0,171,26,65,4,0,266,72,275,1,62,0,11748,44,1,1,1190,2700,0,77,1,177,1,1,1,5,24,47,0,14,98,1960,29,6421,10,33,66,0,0,0,0,0,1,4,0,0,0,2,0,5,3,1,1,0,0,0,10,0,0,0,0,0,0,1,0,2,0,0,0,0,5,0,0,0,0,3226,0,0,0,0,0,0,0,0,0,4,7,0,0,1,0,2,4,0,0,0,0,0,0,0,0,149,0,0,24,0,5,0,1,0,0,1,0,0,0,4,1,1,3,5,988,11,2,0,2503,0,29,0,0,0,0,0,0,0,0,3,0,0,0,0,1,0,0,0,2,0,0,0,0,0,0,0,0,0,0,2,0,0,0,0,0,43,0,0,0,0,0,3,0,0,0,1,0,0,0,12,5,1,0,81,0,0,0,0,0,0,7,0,0,0,0,0,0,0,0,1,0,0,0,533,0,1,0,7,27,0,1,0,1,0,0,0,0,0,1,0,2,0,56,0,108,0,0,0,0,0,0,0,56
"57",2020-03-18,22,59,74,39,0,1,79,84,568,1646,28,256,14,2,51,1486,0,2,1,12,38,0,372,68,92,20,0,35,10,657,0,1,0,238,80906,93,1,50,6,81,7,49,464,4,1116,712,1,0,21,0,111,196,0,4,0,258,1,6,0,336,9124,1,38,12327,7,418,0,6,1,0,7,0,1,9,181,58,250,156,227,17361,164,292,304,35713,13,889,52,35,3,0,142,3,0,71,133,2,0,28,27,203,15,0,0,790,13,0,38,1,3,93,30,7,6,2,49,0,0,0,2,1,2058,20,0,0,8,35,1550,41,39,299,86,0,11,145,202,251,448,452,8413,260,147,8,0,2,1,119,0,171,31,83,4,0,313,105,275,1,116,0,13910,51,2,1,1279,3028,0,100,3,212,1,1,1,7,29,98,0,14,113,2642,50,7783,15,36,75,0,0,2,0,0,2,7,0,0,0,2,0,6,4,1,1,1,0,0,14,0,0,0,0,0,0,3,0,2,1,0,0,0,8,0,0,0,0,3237,0,0,0,0,0,1,0,0,0,4,7,0,0,1,0,2,6,0,0,0,0,0,0,0,0,149,0,0,28,0,5,0,1,0,0,1,0,0,0,4,1,1,3,19,1135,12,2,0,2978,0,29,0,0,0,0,0,0,0,0,3,0,0,0,0,2,0,0,0,2,0,0,0,0,0,0,1,0,0,0,2,0,0,0,0,0,58,0,0,0,0,0,6,0,0,0,1,0,0,0,19,5,2,0,84,0,0,0,0,0,0,11,0,0,0,0,0,0,0,1,1,0,0,0,623,0,1,0,10,28,0,1,0,1,0,0,0,0,0,1,0,2,0,72,0,118,0,0,0,0,0,0,0,57
"58",2020-03-19,22,64,87,53,0,1,97,115,681,2013,44,278,17,5,51,1795,0,2,1,12,63,0,621,75,94,33,0,37,13,800,0,1,1,238,80931,102,3,69,9,105,11,67,694,14,1225,712,1,0,34,0,199,256,1,6,0,267,1,6,1,400,10970,1,40,15320,11,418,0,9,1,0,7,0,1,12,208,73,330,194,311,18407,192,557,427,41035,15,924,69,44,7,0,148,3,0,86,157,2,0,28,36,335,17,0,0,900,13,0,53,2,3,118,49,7,6,3,63,0,0,0,3,1,2467,28,1,0,8,48,1746,44,48,454,109,0,11,234,217,355,785,460,8565,277,199,8,0,2,1,119,0,274,31,103,6,0,345,123,286,1,150,0,17963,60,2,1,1439,4075,0,108,6,272,3,1,1,9,39,192,0,16,140,2716,79,13747,23,42,85,0,0,2,0,0,2,9,0,0,0,3,0,6,6,1,1,1,0,0,21,0,0,0,0,0,0,6,0,3,1,0,0,0,9,0,0,0,0,3245,0,0,1,0,1,1,0,0,0,6,7,0,0,2,0,3,6,0,0,0,0,0,0,0,0,244,0,0,44,0,6,0,1,0,0,1,0,0,0,4,1,1,4,25,1284,13,3,0,3405,1,29,0,0,0,0,0,0,0,0,4,0,0,0,0,4,0,0,0,2,0,0,0,0,0,1,1,0,0,0,2,0,0,0,0,0,77,0,0,0,0,0,7,0,0,2,1,0,0,0,17,5,3,0,91,0,1,0,0,0,0,11,0,0,0,0,0,0,0,1,1,0,0,0,830,0,1,0,11,41,0,1,0,1,0,0,0,0,1,3,0,2,0,138,0,200,0,0,0,0,0,0,0,58
"59",2020-03-20,24,70,90,75,1,1,128,136,791,2388,44,285,20,5,69,2257,0,2,2,15,89,0,793,78,127,40,0,51,20,943,1,3,1,434,80977,128,3,89,9,128,16,67,833,18,1337,712,1,0,72,0,367,285,1,6,0,283,1,9,1,450,12758,3,43,19848,16,495,0,12,1,0,7,2,1,24,256,85,409,244,369,19644,208,683,529,47021,16,963,85,49,7,0,159,6,0,111,163,2,0,28,49,484,17,3,0,1030,13,0,64,2,12,164,66,11,6,14,77,0,0,0,3,1,3003,39,1,1,12,67,1914,47,48,501,137,1,13,234,230,425,1020,470,8652,308,253,17,0,2,1,144,0,344,38,135,7,0,385,137,341,1,202,0,20410,73,2,4,1639,5294,0,135,6,322,3,1,9,9,54,359,0,29,140,4014,94,19273,33,42,91,0,0,2,1,0,2,11,0,0,0,3,0,7,6,1,1,1,0,0,37,0,0,0,0,0,0,11,0,3,1,0,0,0,12,0,0,0,0,3249,0,0,1,0,1,1,0,0,0,9,7,0,0,2,0,5,8,0,0,0,0,0,0,0,0,451,1,0,67,0,6,0,1,0,0,1,0,0,0,4,3,0,5,32,1433,17,3,0,4032,1,33,0,3,0,0,0,0,0,0,4,0,0,0,0,4,0,0,0,3,0,0,0,0,0,1,1,0,0,0,3,0,0,0,0,0,107,0,0,0,0,0,7,0,0,3,1,0,0,3,18,5,6,0,94,0,1,0,0,0,0,14,0,0,0,1,0,0,0,1,1,0,0,0,1043,0,1,0,16,54,0,2,0,1,0,0,0,0,1,4,0,3,2,178,0,244,0,0,0,0,0,0,0,59
"60",2020-03-21,24,76,139,88,2,1,158,160,1071,2814,53,305,25,6,76,2815,0,2,2,19,93,0,1021,83,163,64,0,53,27,1277,3,3,1,537,81014,196,3,117,14,206,21,84,995,23,1420,712,1,0,112,0,506,294,3,6,1,306,1,9,1,523,14463,4,49,22213,19,530,0,17,2,0,7,2,1,24,273,103,473,330,450,20610,214,785,712,53578,16,1007,85,53,7,0,176,14,0,124,187,3,0,37,83,670,18,3,0,1183,13,0,73,2,14,203,80,11,10,14,96,0,0,0,3,1,3640,52,2,1,22,85,2118,48,52,730,200,1,18,318,307,536,1280,481,8799,367,306,17,0,2,1,144,0,392,47,171,7,0,432,178,383,1,240,0,25374,77,2,4,1763,6575,0,153,6,411,4,1,16,49,60,670,1,47,153,5067,110,25600,43,70,94,0,0,2,3,0,2,15,0,0,0,4,0,7,8,1,1,2,0,0,67,0,0,0,0,1,0,15,0,3,2,0,0,0,19,0,0,0,0,3255,0,0,2,0,1,1,0,0,1,13,8,0,0,2,0,7,10,0,0,0,0,0,0,0,1,563,1,0,84,1,13,0,1,0,0,1,0,0,0,4,4,1,4,38,1556,17,3,1,4825,1,35,0,0,0,0,0,0,0,0,4,0,0,0,1,8,0,0,0,4,0,0,0,0,1,2,1,0,0,0,3,0,0,0,0,0,137,0,0,0,0,0,7,0,0,3,1,0,1,5,19,5,12,0,102,0,1,0,0,0,0,20,0,0,0,1,0,0,2,1,1,0,0,0,1375,0,1,0,20,75,0,2,0,1,0,0,0,0,1,9,0,3,2,234,0,307,0,0,0,0,0,0,0,60
"61",2020-03-22,40,89,201,113,2,1,266,194,1549,3582,65,334,27,14,76,3401,0,2,2,24,126,0,1546,88,187,75,0,84,40,1469,3,3,1,632,81094,231,3,134,14,254,35,95,1120,30,1514,712,1,1,202,1,789,327,3,6,1,326,4,11,2,626,16243,5,54,24873,23,624,1,19,2,0,19,2,1,26,317,131,568,396,514,21638,233,906,883,59138,19,1101,112,60,15,0,188,14,0,139,248,3,0,37,143,798,24,3,0,1306,13,0,90,2,28,251,94,23,10,21,115,1,0,0,3,1,4217,102,2,2,30,115,2385,52,55,776,313,1,22,363,380,634,1600,494,8961,433,367,19,0,2,1,175,0,511,67,222,7,0,455,185,414,1,274,0,28768,82,2,5,1934,7474,1,169,12,599,4,1,16,50,75,1236,1,73,153,5745,158,33276,43,70,113,0,0,3,3,1,2,17,1,0,0,4,0,7,16,1,2,2,0,0,75,0,0,0,0,1,0,25,0,3,4,0,0,0,21,0,0,0,1,3270,2,0,2,0,1,1,1,1,1,13,8,0,0,3,0,14,14,0,0,0,0,0,0,0,1,676,1,0,94,1,15,0,1,0,0,1,0,0,0,4,6,1,7,48,1685,20,4,1,5476,1,41,0,0,0,0,0,0,0,0,4,0,0,0,1,8,0,0,0,10,0,0,0,0,2,2,1,0,0,0,4,0,0,0,0,0,180,0,0,0,0,1,7,0,0,5,3,0,1,5,25,7,14,0,111,3,1,0,0,0,0,20,0,0,0,2,0,0,2,0,2,0,0,0,1772,0,1,0,21,98,0,2,0,1,0,0,0,0,3,30,0,3,2,282,0,417,0,0,0,0,0,0,0,61
"62",2020-03-23,40,104,230,133,3,3,301,235,1682,4474,72,377,33,17,81,3743,1,5,2,27,136,0,1924,91,201,99,0,87,56,2088,3,3,1,746,81118,277,4,158,25,315,40,116,1236,36,1572,712,3,2,245,1,981,366,3,9,1,352,4,11,3,700,20123,5,61,29056,27,695,1,20,4,0,20,6,1,30,356,167,588,499,579,23049,266,1125,1071,63927,19,1128,127,62,16,0,189,16,0,180,267,3,0,51,179,875,24,12,0,1518,13,0,107,2,36,316,109,23,10,27,143,1,0,0,4,2,4764,102,2,3,40,136,2621,59,66,875,345,1,22,395,462,749,2060,501,8961,576,438,36,0,3,1,187,0,562,79,249,7,0,509,186,442,1,402,0,35136,97,2,5,2046,8795,1,195,12,721,4,2,18,51,89,1529,9,73,198,6726,162,43843,46,77,123,0,0,3,3,1,4,17,1,0,0,4,0,7,21,1,2,3,0,0,88,0,0,0,0,1,0,34,0,3,4,0,0,0,25,0,0,0,2,3270,3,0,2,0,1,1,1,1,1,24,8,0,0,3,0,18,19,0,0,0,0,0,0,0,1,862,1,0,123,2,17,0,1,0,0,1,0,0,0,4,7,1,10,49,1812,23,6,1,6077,1,42,0,0,0,0,0,0,0,0,4,0,0,0,1,8,0,0,0,14,0,0,0,0,2,3,1,0,0,1,4,0,0,0,0,0,214,0,0,0,1,2,10,0,0,6,6,0,1,5,33,8,23,0,111,7,1,0,0,0,0,20,0,0,0,3,0,0,2,0,3,0,0,0,2311,0,1,0,25,120,0,2,0,1,0,1,0,0,3,37,0,3,2,336,0,557,0,0,0,0,0,0,1,62
"63",2020-03-24,74,123,264,164,3,3,387,249,2044,5283,87,392,39,18,81,4269,1,6,2,29,166,0,2247,104,218,114,0,91,66,2790,3,3,3,922,81180,378,4,177,73,382,48,124,1394,45,1718,712,3,2,312,1,1082,402,5,9,1,369,4,12,4,792,22622,6,70,32986,53,743,1,21,4,0,5,7,4,30,386,187,648,536,686,24811,316,1329,1238,69176,21,1193,154,72,25,0,191,42,2,197,318,3,1,51,209,1099,25,17,0,1624,13,0,110,2,42,367,125,23,10,47,170,3,0,0,7,2,5580,155,2,3,44,148,2863,59,84,972,345,1,27,416,552,901,2362,526,9037,794,495,40,0,3,1,187,0,767,86,303,7,0,558,204,480,1,554,0,39885,102,3,7,2286,9877,1,215,12,827,5,3,20,57,114,1872,9,97,248,8164,162,53736,50,84,134,0,0,3,3,1,5,19,1,0,0,6,0,8,28,1,3,4,0,0,122,0,0,0,0,3,0,46,0,3,4,0,0,0,26,1,0,0,2,3277,3,0,2,0,1,1,3,3,2,32,10,0,0,6,0,27,20,0,0,0,0,0,0,0,1,1102,1,0,157,2,20,0,1,0,0,1,0,0,0,4,9,2,10,55,1934,27,7,3,6820,1,43,0,0,0,0,0,0,0,0,4,0,0,0,2,8,0,0,0,16,0,0,0,0,2,4,1,0,0,1,5,0,0,0,0,0,277,0,0,0,1,2,12,0,0,7,6,0,2,7,35,10,33,0,120,11,1,0,0,0,0,21,0,1,0,3,0,0,2,0,4,0,0,0,2808,0,1,0,36,122,0,2,0,4,0,1,0,0,4,44,0,3,2,423,0,706,0,0,0,0,0,0,1,63
"64",2020-03-25,84,146,302,188,3,3,387,265,2364,5588,93,419,39,18,86,4937,2,6,2,32,176,0,2554,109,242,146,0,96,75,3251,4,3,3,1142,81221,470,4,201,80,442,57,132,1654,48,1862,712,11,7,392,1,1173,456,9,9,4,404,4,12,5,880,25600,6,75,37323,93,821,1,24,4,2,5,8,4,36,410,226,737,657,790,27017,346,1564,2369,74386,26,1307,172,81,28,0,195,44,3,221,333,3,1,51,274,1333,30,19,0,1796,13,2,129,2,48,405,149,31,10,52,225,5,0,0,7,3,6438,205,2,7,51,177,3084,59,99,1063,443,1,37,480,636,1051,2995,537,9137,906,658,41,2,3,1,208,0,900,99,384,7,0,631,216,528,1,709,0,49515,102,3,8,2526,10897,5,235,12,934,5,3,23,60,173,2433,14,145,333,9640,189,65778,60,91,141,0,0,12,3,2,5,21,1,0,0,8,0,8,30,2,4,5,0,0,178,0,0,0,0,3,0,59,0,3,4,0,0,1,30,1,0,0,3,3281,4,0,2,0,1,1,3,6,2,34,10,0,0,10,0,28,21,0,0,0,1,0,0,0,3,1333,1,0,206,4,22,0,1,0,0,1,0,0,0,4,10,2,12,58,2077,29,9,5,7503,1,45,0,0,0,0,0,0,0,0,6,0,0,0,4,8,0,0,0,20,0,0,0,0,2,5,1,0,0,1,6,0,0,0,0,0,357,0,0,1,1,3,14,0,0,8,8,0,3,9,38,14,43,0,126,17,3,0,0,0,0,21,0,2,0,4,0,0,2,0,5,0,0,0,3647,0,1,0,62,153,0,2,0,4,0,1,0,1,5,59,0,5,2,466,0,942,0,0,0,0,0,0,1,64
"65",2020-03-26,94,174,367,224,4,7,502,290,2810,6909,122,458,44,18,86,6235,2,6,2,43,191,0,2985,114,264,152,0,96,75,4042,4,3,3,1306,81298,491,4,231,96,495,67,146,1925,51,2023,712,11,11,488,1,1403,495,13,12,6,538,6,12,5,958,29551,7,79,43938,132,892,7,25,4,2,5,8,4,52,453,261,802,727,893,29406,382,1819,2693,80589,26,1387,212,111,31,71,208,44,6,244,368,3,1,56,299,1453,31,23,0,2031,13,4,134,3,81,475,177,33,11,69,275,7,0,0,8,3,7468,283,2,10,65,201,3369,84,109,1201,558,1,41,580,707,1221,3544,549,9241,1029,840,50,2,3,1,208,0,1012,105,384,7,0,683,226,562,2,927,0,57786,106,3,8,2840,11811,5,252,13,1045,9,3,23,65,197,3629,14,196,333,11812,217,83836,75,107,153,0,0,16,3,4,6,25,3,0,0,9,1,13,49,3,4,5,0,0,220,0,0,0,0,3,0,77,0,3,7,0,0,1,38,1,0,0,4,3287,6,0,2,0,3,2,3,9,3,41,10,0,0,10,0,34,24,0,0,0,1,0,0,0,5,1698,1,0,267,4,26,0,1,0,0,1,0,0,1,4,10,2,20,78,2234,36,19,8,8215,1,47,0,1,1,1,0,0,0,0,6,0,0,0,4,9,0,0,0,23,0,0,0,0,2,6,1,0,0,1,11,0,0,0,0,0,435,0,0,1,1,3,14,1,0,9,8,0,3,9,45,16,60,0,131,23,3,0,0,0,0,21,0,3,0,1,0,0,2,0,6,0,0,0,4365,0,1,0,77,191,0,2,0,4,0,1,0,1,6,75,0,5,2,580,0,1209,0,0,0,0,0,0,1,65
"66",2020-03-27,110,186,409,267,4,7,589,329,3143,7657,165,466,48,24,94,7284,2,6,3,61,237,0,3417,115,293,180,0,99,91,4682,5,3,3,1610,81345,539,4,263,101,586,80,162,2279,51,2200,712,12,11,581,1,1595,536,13,12,6,575,9,16,5,1041,33402,7,83,50871,137,966,7,28,8,2,5,8,4,68,519,300,890,887,1046,32332,458,2121,3035,86498,26,1468,235,150,31,86,225,58,6,280,391,3,1,56,358,1605,33,26,0,2161,16,11,139,3,94,585,199,42,11,82,345,7,0,8,8,4,8647,368,2,10,70,219,3755,91,131,1373,674,1,52,635,803,1389,4268,562,9332,1292,1036,54,2,3,1,223,0,1104,119,457,7,0,732,269,632,3,1170,0,65719,106,3,8,3069,12928,5,267,13,1136,10,3,25,66,227,5698,23,310,405,14745,238,101657,88,107,163,0,0,22,5,4,8,26,3,0,0,13,1,13,58,3,4,5,0,0,289,0,0,0,0,4,0,92,0,3,9,0,0,2,54,1,0,0,5,3292,6,0,2,0,3,2,5,9,3,52,10,0,0,20,0,36,30,0,0,0,1,0,0,0,7,1997,1,0,342,4,28,0,1,0,0,1,0,0,1,4,10,2,20,87,2378,40,22,12,9134,1,49,1,1,1,1,0,0,0,0,8,0,0,0,5,15,0,0,0,26,0,0,0,0,2,8,2,0,0,1,23,0,0,0,0,0,547,0,1,1,1,3,19,1,0,11,9,0,3,11,54,16,76,0,139,26,4,0,0,0,0,21,0,3,0,1,0,0,2,0,9,0,1,0,5138,0,1,0,105,231,0,2,0,5,0,1,1,2,6,92,0,5,2,761,0,1581,1,1,0,0,0,0,1,66
"67",2020-03-28,110,197,454,308,5,7,690,407,3640,8271,182,476,48,26,94,9134,2,6,3,74,258,0,3904,120,331,207,0,99,91,5576,5,3,3,1909,81401,608,4,295,101,657,119,179,2631,65,2366,712,14,11,719,1,1823,576,19,12,6,645,9,16,5,1167,38105,7,90,57695,141,1061,7,34,8,2,8,8,6,95,561,343,963,987,1155,35408,506,2415,3619,92472,30,1693,246,228,38,91,235,58,8,305,412,3,3,56,394,1831,37,26,0,2320,16,18,149,5,102,717,231,42,12,84,402,8,2,8,8,5,9819,451,4,10,89,241,4015,98,152,1495,786,1,56,671,1075,1638,5170,590,9478,1452,1264,60,2,3,1,224,0,1203,130,659,8,0,802,292,684,3,1187,0,73235,113,5,8,3447,14076,5,283,14,1245,10,3,25,74,278,7402,30,356,468,17312,274,121465,104,119,174,0,0,28,7,4,10,29,3,0,0,18,1,14,68,4,4,5,0,0,353,0,0,0,0,5,0,111,1,7,11,0,0,2,61,1,0,0,6,3295,6,0,2,0,5,3,5,11,6,65,10,0,0,28,0,48,36,0,0,0,1,0,0,0,9,2317,1,0,433,5,32,0,1,0,0,1,0,0,1,4,11,2,24,102,2517,42,36,12,10023,1,52,1,1,1,1,0,0,0,0,8,0,0,0,7,18,0,0,0,27,0,0,0,0,2,12,2,0,0,1,25,0,0,0,0,0,640,0,1,1,1,4,23,1,0,12,14,0,3,16,68,18,100,1,144,37,4,0,0,0,0,22,0,4,0,10,0,0,2,0,9,0,1,0,5982,1,1,0,105,264,0,2,0,6,0,1,1,3,8,108,0,9,2,1021,0,2026,2,2,0,0,0,0,1,67
"68",2020-03-29,120,212,511,334,7,7,745,424,3984,8788,209,499,48,33,94,10836,2,6,4,81,323,0,4256,126,346,222,0,103,139,6280,6,3,3,2139,81444,702,19,314,165,713,139,214,2817,65,2564,712,18,11,859,1,1924,609,24,12,12,679,9,21,5,1240,40708,7,91,62095,152,1156,9,34,16,2,8,15,6,110,641,408,1020,1024,1285,38309,547,2615,4247,97689,32,1866,259,284,42,94,255,84,8,347,438,3,8,56,460,1950,37,39,0,2470,17,18,151,5,107,848,263,46,12,85,479,8,2,10,11,5,10930,514,4,18,111,259,4284,109,167,1597,901,1,59,852,1418,1862,5962,634,9583,1815,1534,70,2,9,1,224,0,1299,142,741,8,0,844,314,730,3,1280,0,80110,117,6,8,3700,14829,9,298,14,1388,11,4,25,78,312,9217,33,475,570,19780,304,140909,144,119,188,0,0,29,7,4,10,31,6,2,0,19,3,16,86,4,4,5,0,0,431,0,0,0,1,6,0,136,1,8,12,0,0,6,64,1,0,0,7,3300,10,0,2,1,6,3,5,16,6,72,10,0,0,39,0,58,40,0,0,0,3,0,0,0,11,2611,1,0,533,5,38,0,1,0,0,1,0,0,3,4,13,2,27,114,2640,42,46,15,10779,1,54,3,1,1,1,0,0,0,0,10,0,0,0,7,21,0,0,0,35,0,1,0,0,3,16,2,1,0,1,26,0,0,0,0,0,772,1,1,1,1,6,25,1,0,14,17,0,3,18,71,22,119,1,152,43,8,0,0,0,0,22,0,8,0,13,0,0,3,0,11,0,2,0,6803,1,1,0,110,300,1,2,0,7,0,1,1,3,8,131,0,10,3,1231,1,2467,2,2,0,0,0,0,1,68
"69",2020-03-30,170,223,584,370,7,7,820,482,4361,9618,273,515,49,33,152,11899,3,6,4,97,368,3,4579,127,359,246,0,107,139,7398,6,3,5,2449,81478,798,19,330,168,790,170,230,3001,81,2755,712,18,11,901,1,1962,656,30,12,12,715,9,23,5,1352,45170,7,103,66885,152,1212,9,36,22,8,8,15,6,139,682,447,1086,1251,1414,41495,630,2910,4695,101739,36,1866,268,302,50,94,266,94,8,376,446,3,8,62,491,1988,38,43,0,2626,17,25,156,5,128,993,298,49,12,91,556,8,2,14,11,5,11817,589,4,27,131,285,4445,116,179,1717,989,1,64,950,1546,2055,6408,693,9661,2109,1836,70,7,9,1,230,0,1453,162,785,8,0,879,336,756,3,1326,0,87956,122,6,8,4028,15922,10,306,19,1524,14,4,30,82,312,10827,33,548,611,22453,310,161831,149,135,203,0,0,35,7,4,11,35,8,2,0,23,3,17,108,4,4,5,0,0,513,0,0,0,4,10,0,159,1,8,12,0,0,6,80,1,0,0,8,3304,12,0,2,1,6,4,7,23,8,77,10,0,0,42,0,60,41,0,0,0,3,0,0,0,13,3030,1,0,645,5,43,0,1,0,0,1,0,0,7,4,15,2,32,122,2757,46,54,16,11591,1,54,5,1,1,1,0,0,0,0,11,0,0,0,7,22,0,0,0,37,0,2,0,1,3,20,2,1,0,1,33,0,0,0,0,0,865,1,1,3,2,7,32,1,0,21,24,0,3,24,78,31,140,1,158,65,9,0,0,0,0,25,0,8,0,16,0,0,3,0,11,0,3,0,7716,2,2,0,146,359,2,5,0,9,0,1,1,3,8,168,0,13,5,1411,1,2978,2,3,0,0,0,0,1,69
"70",2020-03-31,174,243,716,376,7,7,1054,532,4559,10180,298,567,51,34,152,12775,3,9,4,107,420,4,5717,129,399,261,2,109,193,8527,6,3,7,2738,81524,906,19,347,179,867,186,262,3308,98,3039,712,30,12,1109,1,2240,710,32,12,15,745,9,26,5,1418,52827,16,110,71808,161,1314,9,38,22,8,12,15,6,141,714,492,1135,1397,1528,44605,694,3235,5358,105792,36,1953,274,343,59,112,289,107,9,398,470,3,10,68,537,2178,41,57,0,2766,18,28,169,6,143,1094,353,52,12,109,617,8,2,15,11,5,12667,647,5,27,135,329,4641,119,192,1938,1181,1,65,1065,2084,2311,7443,781,9786,2245,2337,75,8,13,1,236,0,1563,175,900,10,1,926,363,802,5,1353,0,95923,143,7,9,4435,16605,10,322,19,1651,14,4,34,87,394,13531,44,645,664,25481,338,188172,172,135,212,0,0,35,8,4,15,44,12,2,0,27,3,18,128,5,4,5,0,1,705,0,0,0,6,13,1,201,1,8,14,0,0,6,101,1,0,0,12,3305,16,0,2,1,6,6,8,31,8,90,10,0,0,51,0,75,46,1,0,0,4,0,0,0,17,3532,1,0,775,5,49,0,1,0,0,2,0,0,7,4,16,2,35,136,2898,50,71,20,12428,1,56,5,2,1,1,0,0,0,0,12,0,0,0,8,23,0,0,0,43,0,2,0,1,5,28,4,1,0,2,36,0,0,1,0,0,1040,1,1,3,2,9,39,1,1,26,30,0,3,30,88,33,160,2,162,82,17,0,0,0,0,26,0,10,0,16,0,0,3,0,15,0,5,0,8464,2,2,0,180,433,2,5,1,10,0,1,1,3,10,214,0,17,6,1793,1,3873,2,3,0,0,0,0,1,70
"71",2020-04-01,237,259,847,390,8,7,1054,571,4862,10711,359,569,54,34,163,13964,3,13,4,115,459,4,6836,131,422,282,2,109,233,9560,6,3,7,3031,81555,1065,19,375,190,963,212,320,3508,109,3290,712,33,12,1284,1,2748,779,32,15,15,779,9,29,5,1446,57749,18,117,77872,195,1415,9,39,30,9,19,16,6,172,765,525,1220,1998,1677,47593,728,3447,6092,110574,44,2178,278,380,81,125,317,111,10,446,479,6,10,68,581,2319,41,57,0,2908,19,31,188,6,161,1215,423,55,14,123,654,10,9,15,14,5,13696,708,5,74,174,354,4863,134,210,2118,1181,1,69,1323,2311,2554,8251,835,9887,2460,2777,82,8,13,1,236,0,1720,190,1060,10,2,1000,400,841,5,1380,0,104118,146,7,10,4947,17768,10,329,20,1771,21,4,36,90,423,15679,44,794,814,29865,338,213372,181,143,218,0,0,36,8,4,15,58,14,2,0,28,4,20,146,5,4,6,0,2,828,0,0,0,7,13,1,240,1,10,16,0,0,6,109,1,0,0,16,3312,17,0,2,1,6,6,9,39,9,104,11,0,0,57,0,93,52,1,0,0,5,0,0,0,17,4414,1,0,920,5,50,0,1,0,0,2,0,0,10,4,20,2,58,157,3036,52,85,26,13155,3,57,5,3,1,1,0,0,0,0,14,0,0,0,8,29,0,0,0,45,0,3,0,1,6,29,5,1,0,2,39,0,2,1,0,0,1175,1,1,5,2,11,44,1,1,27,30,0,3,38,96,43,187,2,165,92,24,0,0,0,0,26,0,16,1,28,0,0,3,1,15,0,5,0,9387,3,2,0,239,488,2,5,1,12,1,1,2,5,12,277,0,20,8,2357,2,4757,2,3,0,0,0,0,1,71
"72",2020-04-02,273,277,986,428,8,9,1133,663,5116,11129,400,643,56,46,304,15348,3,13,5,123,533,4,8044,133,457,288,3,110,306,11284,6,3,8,3404,81589,1161,22,396,194,1011,233,356,3858,134,3573,712,40,12,1380,1,3163,865,41,15,22,858,9,29,7,1518,59929,21,134,84794,204,1544,10,47,52,9,19,16,7,219,802,585,1319,2543,1790,50468,772,3849,6857,115242,47,2495,299,435,110,125,342,116,10,458,494,6,11,75,649,2487,41,59,3,3116,19,36,196,6,169,1378,505,60,14,144,708,10,9,20,14,6,14788,797,5,98,184,384,5147,161,231,2421,1317,1,77,1414,2633,2946,9034,949,9976,2738,3548,84,9,13,2,245,0,1885,195,1171,10,2,1049,426,897,5,1462,0,112065,151,8,10,5568,18827,16,339,20,1875,24,4,39,94,455,18135,45,897,1024,34173,350,243762,205,146,233,0,0,39,9,6,16,86,15,2,0,36,7,24,158,5,4,6,0,4,1011,0,0,0,8,16,1,324,1,10,16,0,0,7,139,1,0,0,18,3318,19,2,2,1,7,6,10,44,13,123,11,0,0,60,0,120,58,2,0,0,11,0,0,0,19,5398,1,0,1107,5,53,0,1,0,0,4,0,0,14,4,21,4,72,170,3160,54,98,36,13915,3,62,5,3,3,1,0,0,0,0,16,0,1,0,9,30,0,0,0,50,0,3,0,1,7,37,6,1,0,2,44,0,2,1,0,0,1341,1,1,5,2,11,50,1,1,34,32,0,3,55,107,57,209,3,169,115,30,0,0,0,0,30,0,21,1,31,0,0,4,1,17,0,5,0,10348,4,2,0,308,536,2,5,1,15,1,1,2,5,14,356,0,22,8,2926,4,5926,2,5,0,0,0,1,1,72
"73",2020-04-03,281,304,1171,439,8,15,1265,736,5330,11524,443,672,61,51,351,16770,4,16,5,132,579,4,9056,134,485,302,3,114,509,12437,6,8,8,3737,81623,1267,22,416,218,1079,269,396,4091,134,3946,712,49,12,1488,1,3368,985,46,16,22,961,9,35,7,1615,65202,21,155,91159,205,1613,12,50,73,15,23,18,7,222,845,623,1364,2567,1986,53183,820,4273,7428,119827,47,2617,310,464,122,126,417,130,10,493,508,7,11,75,696,2612,43,70,3,3333,19,39,202,6,186,1510,591,64,14,174,791,10,9,20,14,6,15821,868,5,120,210,430,5370,194,252,2686,1475,1,92,1595,3018,3383,9886,1075,10062,3183,4149,89,9,13,3,245,0,2039,207,1476,10,2,1114,450,934,7,1505,0,119199,159,10,10,6131,19606,16,348,20,1978,24,4,40,98,495,20921,48,1072,1264,38689,369,275586,227,153,237,0,0,39,9,6,17,105,16,2,0,39,7,28,168,5,4,6,0,4,1143,0,0,0,9,17,1,359,1,14,16,0,0,8,179,1,0,0,22,3322,25,2,2,1,8,6,11,53,13,139,11,0,0,68,0,145,66,2,0,0,12,0,0,0,20,6520,1,0,1275,5,63,0,1,0,0,4,0,0,15,4,26,4,72,181,3294,54,120,40,14681,3,63,5,6,4,1,0,1,0,1,17,0,1,0,9,31,0,0,0,53,0,3,0,1,7,50,8,1,0,2,48,0,2,1,0,0,1490,1,1,5,4,12,59,1,1,40,37,0,3,61,136,71,246,3,174,133,34,0,0,0,0,30,0,25,1,39,0,0,5,1,20,0,9,0,11198,4,2,1,358,591,2,5,1,19,1,1,3,6,18,425,0,27,9,3611,4,7087,2,7,0,0,0,1,1,73
"74",2020-04-04,299,333,1251,466,10,15,1451,770,5550,11781,521,688,70,52,440,18431,4,16,5,139,624,4,10360,135,503,318,3,114,555,12978,7,8,9,4161,81638,1406,22,435,245,1126,288,426,4472,154,4269,712,50,14,1488,1,3465,1070,56,16,29,1039,9,38,12,1882,69500,21,162,96092,205,1673,12,61,111,18,23,20,7,264,862,678,1417,3082,2092,55743,878,4604,7851,124632,53,3139,323,531,126,135,479,144,10,509,520,10,18,77,771,2729,43,70,4,3483,19,41,213,6,196,1688,752,66,14,201,919,10,9,21,14,9,16727,950,5,144,214,483,5550,217,277,2818,1673,1,96,1746,3094,3627,10524,1325,10156,3613,4731,102,9,14,7,259,0,2179,219,1624,10,4,1189,471,977,7,1585,0,126168,166,10,10,6443,20505,16,355,20,2067,28,4,41,103,553,23934,48,1225,1505,42477,400,308853,266,155,240,0,0,39,9,7,20,130,17,2,0,43,7,30,186,5,4,8,0,5,1283,0,0,0,10,21,1,445,1,17,16,0,0,9,218,1,0,0,27,3326,32,2,2,1,12,6,11,59,18,161,11,0,0,68,0,172,71,3,0,0,13,0,0,0,25,7574,1,1,1444,5,68,0,2,0,0,4,0,0,15,4,32,4,86,191,3452,56,137,44,15362,3,77,5,5,4,1,1,1,0,1,17,1,1,1,11,31,0,0,0,57,0,3,0,1,7,60,12,1,0,2,59,0,2,1,0,0,1656,1,1,8,4,17,62,1,2,41,41,0,3,73,144,79,266,3,177,146,43,0,0,0,0,32,0,29,2,44,0,0,6,1,22,0,9,0,11947,5,2,1,373,666,2,5,1,20,4,1,3,6,18,501,0,32,10,4320,5,8407,2,7,0,0,0,1,1,74
"75",2020-04-05,349,361,1320,501,14,15,1451,822,5687,12051,584,700,88,56,562,19691,5,22,5,157,654,6,11130,135,531,345,3,114,650,15756,7,8,9,4471,81668,1485,45,454,261,1182,320,446,4587,154,4561,712,59,14,1745,1,3646,1173,62,16,29,1097,9,43,12,1927,71412,21,174,100123,214,1735,12,61,121,18,24,21,7,268,890,733,1486,3588,2273,58226,961,4994,8430,128948,58,3139,345,584,142,145,556,147,11,533,527,13,18,77,811,2804,44,72,4,3662,19,45,227,6,227,1890,864,73,14,214,1021,10,9,21,16,9,17953,1039,6,184,232,555,5687,237,298,3157,1801,1,104,2281,3246,4102,11278,1604,10237,3864,5389,104,10,14,7,266,0,2402,222,1908,10,6,1309,485,997,7,1655,1,131646,176,12,10,6830,21100,19,363,22,2169,28,4,44,104,574,27069,52,1308,1799,48436,400,337072,342,159,241,4,0,39,9,7,20,152,18,2,0,44,7,35,204,7,4,9,1,8,1447,0,0,0,10,23,1,486,1,20,17,0,0,9,259,1,0,0,34,3329,35,5,2,3,15,8,9,67,18,179,11,0,0,82,0,180,78,3,0,0,15,0,2,0,28,8093,1,2,1584,5,73,0,2,0,0,4,1,0,22,4,34,4,99,198,3603,61,158,49,15887,3,77,5,6,4,1,1,1,0,1,18,3,1,1,13,36,0,0,0,61,0,5,0,1,7,79,15,1,0,2,70,0,2,1,0,0,1771,1,1,10,5,18,71,1,2,47,46,0,3,83,152,94,295,4,183,151,45,0,0,0,0,32,0,34,2,51,0,0,6,1,28,0,11,0,12641,5,2,1,401,715,2,5,1,23,4,1,3,7,22,574,0,37,10,4943,5,9619,2,7,0,0,0,1,1,75
"76",2020-04-06,367,377,1423,525,16,15,1554,833,5797,12297,641,756,123,60,700,20814,7,26,5,183,674,6,12161,135,549,364,3,114,658,16563,7,8,9,4815,81707,1579,45,467,323,1222,350,465,4822,161,4875,712,90,15,1828,1,3747,1322,69,16,31,1108,10,44,14,2176,75343,24,188,103374,214,1755,12,70,128,18,31,24,7,298,914,744,1562,4778,2491,60500,1031,5364,8904,132547,58,3654,349,662,158,145,665,216,12,542,541,14,19,77,843,2843,44,82,5,3793,19,47,241,6,244,2143,965,77,15,233,1120,10,9,22,16,9,18926,1106,6,253,238,570,5865,254,331,3766,1988,2,113,2561,3660,4413,11730,1832,10284,4057,6343,105,10,14,7,266,4,2605,226,2200,11,6,1375,534,1021,7,1686,1,136675,178,12,10,7206,21657,19,373,24,2220,29,4,58,105,596,30217,52,1319,2076,52279,406,366667,457,165,245,4,0,39,10,11,21,173,21,2,0,48,8,40,220,7,4,12,2,13,1632,1,1,0,11,29,1,564,1,22,18,0,0,9,339,1,0,0,37,3331,46,5,2,3,16,9,9,78,18,187,11,0,0,86,0,191,85,4,0,0,19,0,2,0,27,8926,1,2,1810,5,79,0,3,0,0,4,1,0,22,4,38,6,136,209,3739,64,174,57,16523,3,85,6,6,6,1,1,4,0,1,19,3,1,1,15,41,0,0,0,62,0,5,0,1,7,94,19,1,0,2,80,0,2,1,0,0,1874,1,1,10,5,23,76,1,2,53,54,0,5,92,163,107,311,4,186,176,47,0,0,0,0,32,0,38,2,58,0,0,6,2,30,0,12,0,13341,5,2,1,477,765,2,5,1,26,5,1,3,8,22,649,0,38,11,5385,6,10783,2,7,0,0,0,1,1,76
"77",2020-04-07,423,383,1468,545,17,19,1628,853,5895,12639,717,811,164,63,861,22194,7,26,5,194,764,6,14034,135,577,384,3,115,658,17872,7,8,10,5116,81739,1780,45,483,349,1282,396,494,5017,180,5266,712,90,15,1956,1,3747,1450,78,16,31,1149,10,52,15,2308,79163,30,196,107663,287,1832,12,77,144,33,33,25,7,305,935,817,1586,5311,2738,62589,1122,5709,9248,135586,63,3906,353,697,172,170,743,228,14,548,548,14,20,78,880,2970,44,88,8,3963,19,56,293,6,268,2439,1056,79,15,241,1184,10,9,22,16,9,19709,1160,6,278,254,599,6086,261,371,4035,2100,2,115,2954,3764,4848,12442,2057,10331,4417,7497,105,11,14,8,279,4,2795,237,2447,11,6,1481,581,1059,8,1749,2,141942,185,14,10,7693,22253,19,376,24,2258,33,4,65,107,623,34109,52,1462,2359,55949,424,397505,520,165,249,4,0,39,11,14,22,193,22,2,1,56,8,45,243,8,5,17,3,13,2035,1,1,0,14,33,1,686,1,23,19,0,0,9,375,1,0,0,43,3331,50,5,2,3,18,11,9,88,18,203,11,0,0,98,0,191,94,4,0,0,21,0,2,0,34,10343,1,3,2016,5,81,0,3,0,0,5,1,0,22,4,47,6,150,221,3872,65,210,65,17127,3,92,6,6,6,4,1,4,0,2,19,3,1,1,15,44,0,0,1,63,0,5,0,1,7,125,22,1,0,2,90,0,2,1,0,0,2108,1,1,11,6,26,89,1,2,57,55,0,5,107,177,129,345,6,192,197,58,0,0,0,0,34,0,41,2,61,0,0,6,2,36,0,13,0,14045,6,2,1,591,821,2,5,1,27,6,1,3,8,23,725,0,45,12,6171,7,12794,2,7,0,0,0,1,2,77
"78",2020-04-08,444,400,1572,564,19,19,1715,881,6010,12942,822,823,218,63,1066,23403,8,26,5,210,804,6,16170,135,593,414,3,117,730,19141,7,8,10,5546,81804,2054,45,502,384,1343,457,526,5312,180,5597,712,135,15,2111,1,4450,1560,93,18,33,1185,12,55,15,2487,83057,34,211,113296,313,1884,12,87,164,33,37,27,8,312,960,895,1616,5916,2956,64586,1202,6074,9404,139422,63,4257,358,727,179,184,855,270,15,577,576,31,21,78,912,3034,45,93,8,4119,19,59,299,6,273,2785,1174,81,16,248,1275,17,9,22,16,9,20682,1210,6,342,276,617,6086,263,419,4263,2249,2,119,4342,3870,5205,13141,2210,10384,4761,8672,110,11,14,8,279,4,2932,244,2666,11,7,1623,682,1091,12,1845,2,148220,189,14,10,8419,23280,19,379,25,2369,40,4,70,107,628,38226,53,1668,2659,61474,424,429052,545,167,251,4,0,39,11,14,22,205,23,2,2,63,9,50,273,8,5,20,3,13,2240,1,1,0,15,34,1,819,1,24,23,0,0,10,407,1,0,0,48,3333,54,5,3,3,19,12,9,99,18,218,11,0,0,108,0,242,103,5,0,0,24,0,2,0,40,10887,1,3,2349,6,83,0,3,0,0,6,1,0,22,4,58,6,178,240,3993,69,235,73,17669,4,93,6,7,6,5,1,4,0,2,19,4,1,1,15,46,0,0,1,65,0,7,1,1,7,141,27,1,0,2,93,0,2,3,0,0,2255,1,1,11,6,29,101,1,2,61,59,0,5,121,182,159,380,6,200,220,63,0,0,0,0,34,0,41,2,65,0,0,6,2,40,1,18,0,14792,7,2,1,687,895,2,5,1,30,7,1,3,8,24,812,0,52,12,7111,7,14695,3,9,0,0,0,1,3,78
"79",2020-04-09,484,409,1666,583,19,19,1795,921,6108,13244,926,887,330,66,1486,24983,9,26,5,264,858,13,18092,135,618,443,3,119,730,20654,7,8,11,5972,81865,2223,60,539,444,1407,515,564,5569,180,5830,712,135,15,2349,1,4965,1699,103,18,33,1207,12,56,15,2605,87366,44,218,118181,378,1955,12,95,194,36,37,30,8,343,973,980,1648,6725,3293,66220,1232,6574,9968,143626,63,4667,372,781,184,184,910,280,16,589,582,31,24,78,955,3115,45,93,8,4228,19,74,337,7,314,3181,1289,84,16,252,1374,17,9,23,16,9,21903,1239,7,410,288,663,6211,263,457,4489,2528,2,124,5256,4076,5575,13956,2376,10423,5202,10131,110,11,14,12,333,4,3287,250,2867,11,7,1910,701,1124,12,1934,3,153222,190,15,10,9141,24051,19,380,25,2423,41,4,73,109,643,42282,53,1892,2990,65872,456,462780,582,171,255,4,0,39,11,15,23,235,25,2,2,72,10,51,295,9,5,21,3,16,2523,1,1,0,18,35,1,950,1,24,24,0,0,10,503,1,0,0,57,3335,69,5,3,3,20,15,10,112,18,237,11,0,0,118,0,272,118,6,0,0,24,0,2,0,42,12228,1,3,2607,6,87,0,3,0,0,6,2,0,23,4,66,6,226,280,4110,69,263,86,18279,4,94,7,8,7,5,1,4,0,3,19,4,1,1,16,52,0,0,1,67,0,7,2,1,7,174,29,1,0,2,97,0,2,3,0,0,2403,1,1,11,7,30,108,1,3,65,63,0,5,138,203,174,409,6,204,248,76,0,0,0,0,34,0,44,2,66,0,0,6,2,43,1,18,0,15447,7,2,1,793,948,2,5,1,32,8,1,3,8,25,908,0,57,14,7993,7,16544,3,9,0,0,0,1,3,79
"80",2020-04-10,521,416,1761,601,19,19,1975,937,6215,13555,991,925,424,67,1981,26667,10,35,5,268,901,13,19638,136,635,443,3,119,820,22059,7,8,11,6501,81907,2473,60,558,444,1495,564,595,5732,215,6014,712,150,16,2620,2,7161,1794,117,18,34,1258,12,65,16,2769,91738,44,234,122171,378,2011,14,126,212,36,37,31,8,382,989,1190,1675,7598,3512,68192,1279,8089,10408,147577,63,5530,372,812,189,250,993,298,16,612,609,37,24,79,999,3223,45,93,9,4346,19,87,350,7,318,3441,1438,90,16,255,1448,20,9,27,16,9,23249,1283,7,438,305,711,6314,267,484,4695,2752,2,129,5897,4195,5955,15472,2512,10450,5467,11917,118,12,15,12,344,4,3651,265,3105,11,8,2108,715,1160,21,2003,4,158273,190,17,10,9685,24551,19,382,32,2473,42,4,76,109,671,47029,53,2203,3360,74605,473,496535,624,171,257,4,1,40,13,15,23,256,26,2,2,82,12,54,319,10,6,27,4,19,3019,2,1,0,19,36,1,1057,1,25,24,0,0,12,557,1,0,0,65,3336,80,5,3,3,21,15,10,119,20,247,11,1,0,126,0,297,135,6,0,0,24,0,3,0,48,13215,1,3,2767,6,92,0,3,0,0,6,2,0,23,4,77,7,246,306,4232,70,287,95,18849,4,99,7,10,7,7,1,5,0,3,20,5,1,1,22,54,0,0,1,70,0,7,2,1,9,194,29,1,0,2,107,0,2,3,0,0,2520,2,1,11,7,32,113,2,3,66,66,0,6,169,221,181,435,6,208,270,94,0,0,0,0,34,0,47,2,71,0,0,7,2,45,1,24,0,16081,7,2,1,870,1002,2,6,3,33,8,1,3,8,25,1006,0,69,16,8974,7,18586,3,9,0,0,0,2,3,80
"81",2020-04-11,555,433,1825,601,19,21,1975,967,6303,13806,1058,1040,482,68,2226,28018,13,35,5,275,946,13,20727,136,661,484,5,120,820,23316,8,8,11,6927,81969,2709,60,577,533,1534,620,616,5831,223,6191,712,187,16,2759,2,7257,1939,118,18,34,1304,12,69,16,2905,94863,46,242,124908,408,2081,14,137,250,38,45,33,8,392,1000,1310,1689,8446,3842,70029,1318,8928,10743,152271,65,6005,381,865,191,283,1154,339,18,630,619,48,24,79,1026,3270,45,102,12,4530,19,87,370,7,319,3844,1560,92,16,263,1545,20,9,38,16,9,24571,1312,8,491,318,760,6409,268,546,5011,2974,2,133,6848,4428,6356,15987,2728,10480,5990,13584,120,12,15,12,356,4,4033,278,3380,11,8,2299,728,1188,21,2028,4,163027,198,19,10,10151,25107,25,385,32,2518,46,9,76,112,685,52167,53,2511,3736,79874,494,526396,767,175,258,4,1,40,14,18,23,275,26,2,2,83,13,57,337,11,6,30,4,23,3346,2,1,0,20,37,1,1124,1,28,27,0,0,12,654,1,0,0,73,3339,100,5,3,4,21,16,10,129,20,260,11,2,0,135,0,315,146,6,0,0,24,0,3,0,49,13851,1,3,2736,8,93,0,3,0,0,6,2,0,24,4,85,8,288,327,4357,72,320,101,19468,4,99,7,10,7,7,1,5,0,3,20,5,1,1,23,62,0,0,2,73,0,7,3,1,9,233,30,1,0,2,111,0,2,3,0,0,2653,4,1,11,10,34,119,2,3,86,74,0,6,181,247,208,470,6,211,291,106,0,0,0,0,35,0,52,2,74,0,0,8,2,50,1,25,0,16606,7,2,1,887,1036,2,6,3,35,8,1,3,8,28,1101,0,73,20,9892,7,20462,4,9,0,0,0,2,3,81
"82",2020-04-12,607,446,1914,638,19,21,2142,1013,6315,13945,1098,1136,621,71,2578,29647,14,35,5,300,1009,13,22192,136,675,497,5,122,820,24298,8,8,18,7213,82085,2776,60,595,574,1600,669,633,5991,234,6369,712,214,16,2967,2,7466,2065,125,21,34,1309,14,71,16,2974,121712,49,257,127854,566,2114,14,155,250,38,45,33,8,393,1004,1410,1701,9205,4241,71686,1352,9655,11145,156363,69,6748,389,951,197,283,1234,377,19,651,630,50,25,79,1053,3281,45,106,13,4683,20,105,378,7,324,4219,1662,93,16,272,1661,21,9,41,16,12,25746,1330,9,529,323,828,6525,290,599,5230,3234,2,134,7519,4648,6674,16585,2979,10512,6300,15770,126,12,15,12,356,4,4462,280,3630,11,10,2532,742,1205,25,2173,4,166831,210,19,10,10483,25415,25,388,32,2551,46,9,76,113,707,56956,54,2777,4123,85206,480,555313,865,181,262,6,1,43,14,18,23,293,29,2,2,90,13,60,350,11,6,34,4,26,3600,2,1,0,24,39,1,1223,1,29,27,0,0,12,714,1,0,0,80,3339,109,5,3,5,23,18,11,138,20,273,11,2,0,173,0,333,159,6,0,0,25,0,3,0,56,14412,1,3,3022,8,98,0,5,0,0,6,3,0,25,4,99,8,331,373,4474,76,334,103,19899,4,108,7,10,8,7,1,5,0,5,20,5,1,1,23,66,0,0,2,76,0,9,3,1,9,273,31,1,0,3,118,0,2,4,0,0,2747,4,1,12,10,34,128,2,4,91,79,0,6,193,297,232,504,7,214,316,130,0,0,0,0,35,0,59,2,80,0,0,8,2,53,1,25,0,17209,7,2,1,899,1106,2,6,3,38,8,1,3,8,31,1198,0,83,22,10629,7,22019,4,9,0,0,0,2,3,82
"83",2020-04-13,665,467,1983,646,19,23,2208,1039,6351,14041,1148,1361,803,72,2919,30589,18,35,5,330,1037,13,23430,136,685,497,5,122,820,25679,10,11,23,7525,82159,2852,60,612,626,1650,726,662,6059,235,6513,712,298,16,3167,4,7529,2190,137,21,34,1332,15,74,16,3064,125394,57,272,130072,566,2145,14,156,319,38,45,40,8,397,1009,1458,1711,10453,4557,73303,1378,10647,11586,159516,73,7370,391,1091,208,283,1300,419,19,655,632,59,26,79,1062,3292,45,106,16,4817,20,123,384,7,324,4661,1712,93,17,274,1763,21,9,62,16,14,26710,1349,9,529,343,854,6603,308,727,5496,3400,2,147,9784,4932,6934,16934,3231,10537,6633,18328,127,12,15,12,356,4,4934,291,4054,11,10,2918,769,1212,60,2272,4,170099,217,29,10,10948,25688,25,393,49,2579,47,9,77,113,726,61049,54,3102,4521,89570,480,580619,998,189,265,6,1,45,17,21,23,313,29,2,2,97,14,61,368,12,6,39,4,29,3903,2,1,0,27,39,1,1328,1,32,27,1,0,12,779,1,0,0,82,3341,112,5,3,6,25,21,12,143,20,285,11,2,0,177,0,355,164,6,0,0,28,0,3,0,59,14986,1,3,3194,8,99,0,5,0,0,6,3,0,25,4,109,8,358,399,4585,78,365,116,20465,4,123,7,12,9,7,2,5,0,5,20,6,1,1,24,69,0,0,2,77,0,10,3,1,9,296,35,1,0,3,126,0,2,4,0,0,2833,5,1,12,10,38,134,2,4,93,87,0,6,216,315,245,535,7,217,331,148,0,0,0,0,35,0,65,2,85,0,0,9,2,55,2,27,0,17756,7,4,1,919,1138,2,6,3,40,8,1,3,8,34,1296,0,93,25,11347,8,23528,4,9,0,0,0,2,3,83
"84",2020-04-14,714,475,2070,659,19,23,2277,1067,6415,14226,1197,1528,1012,72,3281,31119,18,35,5,354,1083,13,25262,136,713,528,5,122,848,27034,11,11,23,7917,82249,2979,60,618,638,1704,766,695,6111,241,6706,712,363,16,3286,6,7603,2350,149,41,34,1373,15,82,16,3161,131361,57,300,131359,636,2170,14,167,363,38,47,40,8,407,1012,1512,1720,11487,4839,74877,1400,11479,12046,162488,73,7645,397,1232,216,387,1355,430,19,657,641,59,35,79,1070,3307,45,108,16,4987,20,144,393,7,324,5014,1934,93,30,283,1888,28,9,63,16,16,27580,1366,9,570,373,908,6623,308,813,5837,3472,2,159,10303,5223,7202,17448,3428,10564,6879,21102,134,14,15,12,371,4,5369,299,4465,11,11,3252,835,1220,60,2415,4,172541,233,32,10,11445,25936,29,393,53,2613,49,9,77,113,747,65111,55,3372,4933,94845,483,607670,1165,189,266,6,1,45,17,23,24,326,31,2,2,102,16,62,384,13,7,46,4,33,4157,2,1,0,28,40,1,1532,1,35,30,1,0,14,899,1,0,0,92,3341,127,5,3,6,31,21,12,161,20,299,12,2,0,183,0,369,178,6,0,0,31,0,3,0,64,15748,1,3,3294,8,101,0,5,0,0,6,3,0,26,4,122,8,393,459,4683,78,406,123,21067,4,143,7,14,9,8,3,5,0,5,21,6,1,1,29,67,0,0,2,82,0,13,3,1,9,332,40,1,0,4,126,0,2,4,0,0,2955,9,1,14,11,44,139,2,4,96,94,0,7,230,335,263,567,7,222,351,170,0,0,0,0,36,0,73,2,94,0,0,10,2,56,2,27,0,18056,7,5,1,1033,1174,2,6,3,41,8,1,3,8,34,1403,0,98,28,12129,8,25831,4,9,0,0,0,2,3,84
"85",2020-04-15,784,494,2160,673,19,23,2443,1111,6440,14336,1253,1671,1231,73,3728,33573,18,35,5,397,1110,13,28320,136,747,542,5,122,848,28208,56,12,23,8273,82294,3105,117,626,638,1741,814,715,6216,254,6876,712,435,16,3614,8,7858,2505,159,51,35,1400,15,85,16,3237,134582,80,306,134753,636,2192,14,180,404,43,55,41,8,419,1017,1579,1727,12322,5136,76389,1415,12547,12501,165155,125,8100,401,1295,225,387,1405,449,19,666,658,59,48,79,1091,3373,45,110,16,5072,22,148,399,7,324,5399,2049,93,30,288,2024,29,9,74,16,16,28316,1386,9,584,407,974,6740,374,910,6383,3574,2,161,11475,5453,7582,18091,3711,10591,7216,24490,136,14,15,12,372,4,5862,314,4873,11,13,3699,863,1248,80,2506,4,177644,238,32,10,11927,26336,33,395,88,2643,49,9,81,114,780,69392,55,3764,5365,99483,492,636350,1302,197,267,6,1,48,23,25,25,336,33,2,2,111,17,63,393,13,7,50,5,36,4440,2,1,0,28,41,1,1736,1,36,32,1,0,17,1006,1,0,0,94,3342,131,5,4,6,33,24,12,166,21,309,12,2,0,189,0,388,183,6,0,0,35,0,3,0,72,17188,1,3,3804,8,102,0,5,1,0,6,3,0,31,4,134,8,405,469,4777,79,444,130,21645,5,146,7,16,10,8,3,5,0,5,21,6,1,1,30,69,0,0,2,83,0,13,3,1,9,406,46,3,0,4,127,0,2,4,0,0,3145,9,1,14,12,45,150,2,4,111,95,0,8,254,349,286,599,7,225,372,198,0,0,0,0,36,0,79,2,99,0,0,10,6,61,5,34,0,18708,7,5,1,1203,1239,2,6,4,43,8,1,3,8,35,1518,0,108,33,12894,8,28325,4,9,0,0,0,2,3,85
"86",2020-04-16,840,518,2268,673,19,23,2571,1159,6462,14476,1283,1700,1572,75,4204,34809,18,35,5,441,1167,15,30425,136,800,546,5,122,996,30808,56,12,27,8807,82341,3233,117,642,654,1791,862,735,6433,267,7074,712,591,16,3755,18,8225,2673,164,51,35,1434,16,92,17,3369,147091,80,348,137698,641,2207,14,196,438,43,55,41,8,426,1017,1652,1739,13430,5516,77995,1434,13271,12758,168941,143,8626,402,1402,234,449,1524,466,19,675,663,59,49,79,1128,3444,45,111,16,5182,25,171,412,7,324,5847,2154,93,31,303,2283,31,9,85,16,16,29383,1401,9,584,442,1081,6896,374,1019,6919,3751,7,174,12491,5660,7918,18841,4103,10613,7707,27938,138,14,15,12,426,4,6380,335,5318,11,15,4427,977,1268,80,2605,4,184948,238,32,10,12540,26732,33,395,94,2672,53,9,81,114,822,74193,55,4161,5825,104145,502,667592,1349,204,268,6,1,48,23,30,26,348,33,2,3,115,18,63,410,15,7,60,5,40,4857,2,1,0,29,43,1,1924,1,38,32,1,0,22,1257,1,0,0,105,3342,144,5,4,6,35,27,12,169,22,321,12,2,0,196,0,403,196,6,0,0,36,1,3,0,75,17941,1,3,4052,8,105,0,5,1,0,6,3,0,35,4,142,8,448,496,4869,80,486,142,22170,5,178,7,17,11,11,3,5,0,5,21,6,1,1,32,69,0,0,2,84,0,13,3,1,9,449,54,3,0,4,130,0,2,4,0,0,3327,9,1,14,13,46,152,2,4,128,103,0,8,274,362,314,629,7,229,392,232,0,0,0,0,38,0,83,2,103,0,0,10,8,61,5,48,0,19315,7,5,1,1333,1281,2,6,4,46,8,1,5,8,37,1643,0,116,35,13759,9,32916,4,9,0,0,0,2,3,86
"87",2020-04-17,906,539,2418,696,19,23,2669,1201,6522,14595,1340,1740,1838,75,4779,36138,18,35,5,465,1214,15,33682,136,846,557,5,122,996,32813,56,12,27,9252,82694,3439,143,649,688,1814,923,750,6549,287,7268,712,732,16,4126,18,8450,2844,177,79,35,1459,16,96,17,3489,149130,108,370,141397,641,2224,14,214,477,43,63,43,8,442,1021,1763,1754,14352,5923,79494,1482,13980,12982,172434,143,9787,407,1546,246,480,1658,489,19,682,668,76,49,79,1149,3480,45,117,17,5251,28,171,422,7,324,6297,2264,94,31,303,2564,34,9,88,16,30,30619,1409,9,627,493,1117,6937,402,1069,7025,4016,7,199,13489,5878,8379,19022,4663,10635,8067,32008,143,14,15,12,435,4,7142,342,5690,11,26,5050,1049,1304,116,2783,4,190839,244,33,10,13216,27078,38,395,147,2700,54,9,83,114,864,78546,56,4662,6302,109769,502,699706,1405,204,268,6,1,52,24,30,26,364,35,2,3,123,19,66,431,15,7,75,5,42,5163,2,1,0,31,46,1,2141,1,41,35,1,0,22,1354,1,0,0,116,4632,153,6,4,6,36,31,12,173,23,336,13,2,0,200,0,421,205,7,0,0,38,1,3,0,82,18703,1,3,4352,8,108,0,7,3,0,6,3,0,41,4,156,9,486,520,4958,81,530,151,22745,5,190,7,17,11,12,5,5,0,5,21,7,1,1,33,72,0,0,2,86,0,13,3,1,9,486,56,3,0,5,135,0,2,4,0,0,3471,11,1,18,17,49,161,2,6,135,109,0,8,300,387,332,657,7,230,411,273,0,0,0,0,39,0,87,2,110,0,0,11,9,66,6,50,0,20002,7,6,1,1400,1327,2,6,5,47,9,1,5,8,37,1769,0,125,37,14607,9,36773,4,9,0,0,0,2,3,87
"88",2020-04-18,933,548,2534,704,24,23,2758,1248,6547,14671,1373,1773,2144,75,4779,37183,18,35,5,493,1268,15,36658,137,878,565,5,122,1017,34355,58,12,33,9730,82718,3439,143,655,801,1832,986,761,6606,307,7437,712,732,16,4335,18,9022,3032,190,79,39,1512,22,105,17,3681,149149,108,388,143342,834,2235,14,235,518,46,63,44,8,457,1024,1834,1760,15722,6248,80868,1513,14758,13265,175925,163,10296,413,1615,262,510,1751,506,19,712,672,76,49,79,1239,3537,45,120,17,5305,35,216,426,7,325,6875,2378,94,31,307,2685,35,9,98,16,31,31766,1422,9,639,542,1170,7036,418,1180,7638,4210,7,202,14420,6087,8742,19685,5008,10653,8418,36793,144,14,15,12,455,4,8274,350,5994,11,30,5992,1089,1317,135,3034,4,191726,254,66,10,13822,27404,38,398,147,2733,55,9,84,114,864,82329,55,5106,6302,115314,508,732197,1490,227,268,6,1,57,25,30,26,367,35,2,3,129,20,67,443,18,7,84,5,45,5453,2,1,0,31,47,1,2354,1,41,36,1,0,22,1399,1,0,0,126,4632,153,6,4,8,39,32,12,181,25,346,13,2,0,217,0,456,224,7,0,0,38,1,3,0,90,19345,1,4,4459,9,110,0,7,3,0,6,3,0,46,4,172,9,521,535,5031,82,571,164,23227,5,222,7,17,12,12,6,5,0,5,21,7,1,1,33,72,0,0,2,88,0,13,3,1,9,546,57,3,0,5,137,0,2,5,0,0,3613,11,2,19,19,49,164,2,6,143,116,0,8,348,397,347,687,8,232,421,313,0,0,0,0,39,0,92,3,117,0,0,11,11,70,7,52,0,20043,7,10,1,1511,1368,2,6,5,47,9,1,5,8,37,1890,0,133,37,15498,9,38664,5,9,0,0,0,2,3,88
"89",2020-04-19,996,562,2629,713,24,23,2839,1291,6547,14749,1398,1881,2456,75,4779,38496,18,35,5,520,1285,20,38654,138,894,576,5,122,1017,35632,61,12,33,10088,82735,3792,143,660,847,1871,1035,767,6746,327,7580,712,846,16,4680,19,9468,3144,201,79,39,1528,22,108,17,3783,154097,109,394,145184,1042,2235,14,257,579,50,65,47,8,472,1025,1916,1771,17615,6575,82211,1539,15251,13491,178972,173,10797,417,1676,270,510,1915,554,19,727,673,91,51,81,1298,3550,45,121,17,5389,52,224,427,7,328,7497,2472,94,32,308,2855,39,9,111,16,31,32838,1431,10,648,627,1207,7078,437,1266,8348,4273,7,206,15628,6259,9287,20206,5448,10661,8746,42853,147,14,15,12,461,4,9362,367,6318,11,35,6588,1161,1330,164,3158,4,198674,271,66,10,14385,27740,39,420,170,2765,55,10,84,114,879,86306,55,5449,6781,121172,517,759086,1565,256,268,6,1,61,25,33,26,375,36,2,3,132,20,67,452,19,7,91,5,47,5683,2,1,0,32,48,1,2462,1,42,36,1,0,42,1563,1,0,0,133,4632,179,6,5,9,47,34,12,186,25,355,13,2,0,226,0,474,239,7,0,0,40,1,3,0,94,19744,1,4,4586,9,113,0,7,5,0,7,3,0,46,4,189,9,559,582,5118,82,610,172,23660,5,236,7,17,14,12,7,5,0,5,21,8,1,1,35,73,0,0,2,89,0,14,3,1,9,650,67,3,0,5,141,0,2,5,0,0,3697,12,2,20,21,51,165,3,7,168,120,0,8,400,409,360,714,8,234,451,361,0,0,0,0,39,0,97,3,122,0,0,11,12,74,7,54,0,20453,7,10,1,1540,1393,3,6,7,47,9,1,5,8,38,2017,0,141,41,16095,10,40661,5,9,0,0,0,3,3,89
"90",2020-04-20,1026,584,2718,717,24,23,2941,1339,6547,14795,1436,1907,2948,75,6264,39983,18,54,5,564,1309,20,40743,138,929,581,5,122,1163,37657,67,12,33,10507,82747,3977,160,662,847,1881,1087,772,6900,332,7711,712,846,16,4964,22,10128,3333,218,79,39,1535,24,111,18,3868,156480,120,402,147065,1042,2245,14,289,622,50,65,57,9,477,1025,1984,1773,18539,6760,83505,1574,15652,13713,181228,223,10797,425,1852,281,510,1995,568,19,739,677,99,51,81,1326,3558,45,121,17,5425,69,246,431,7,328,8261,2548,94,33,312,3046,39,9,119,16,31,33588,1440,10,648,665,1225,7156,449,1410,8418,4467,7,208,16325,6459,9593,20863,6015,10674,8936,47121,147,15,15,12,462,4,10484,377,6630,11,43,8014,1173,1335,237,3300,4,200210,304,107,10,14777,27944,39,422,254,2792,60,10,84,114,884,90980,56,5710,7265,125856,535,784326,1627,256,268,6,1,65,25,36,26,384,37,2,3,136,22,67,470,19,7,101,5,51,5828,2,1,0,33,49,1,2587,1,43,38,1,0,42,1725,1,0,0,139,4632,189,6,6,9,47,36,12,194,25,364,13,2,0,235,0,507,250,7,0,0,40,1,3,0,98,20292,1,4,4862,9,116,0,7,5,0,7,3,0,46,4,199,10,592,590,5209,82,687,177,24114,5,236,7,19,14,12,9,7,0,5,21,8,1,1,37,75,0,0,2,89,0,14,3,1,9,686,70,3,0,5,143,0,2,5,0,0,3764,12,2,20,22,54,181,3,7,176,126,0,8,445,428,380,735,9,236,478,405,0,0,0,0,39,0,103,5,125,0,0,11,13,77,8,58,0,20852,7,12,1,1580,1429,3,6,10,47,9,1,6,8,38,2140,0,151,43,16550,10,42094,5,9,0,0,0,3,3,90
"91",2020-04-21,1092,609,2811,717,24,23,3031,1401,6547,14873,1480,1973,3382,75,6723,40956,18,54,6,598,1342,20,43079,138,975,600,5,122,1163,39401,68,14,33,10832,82779,4149,165,669,916,1908,1137,784,7033,350,7891,712,945,16,5044,23,10398,3490,225,83,39,1552,31,114,18,4014,159297,156,408,148291,1042,2401,14,294,688,50,66,57,9,494,1029,2098,1778,20080,7135,84802,1602,16040,13942,183957,223,11135,428,1995,296,510,2080,590,19,748,677,101,51,81,1350,3618,45,121,18,5482,83,258,443,7,328,8772,2614,94,34,313,3209,39,9,121,16,43,34317,1445,10,657,665,1231,7191,466,1508,9565,4658,7,208,17837,6599,9856,21379,6533,10683,9242,52763,150,15,15,12,476,4,11631,412,6630,11,50,9125,1199,1344,286,3465,4,204178,310,107,10,15322,28063,42,425,254,2811,65,10,86,115,884,95591,61,6125,7755,130172,535,823786,1678,285,268,6,1,70,28,36,26,392,37,2,3,147,24,67,491,20,7,110,5,55,5998,2,1,0,34,51,1,2741,1,45,38,1,0,43,1908,1,0,0,147,4632,196,6,6,13,48,38,12,201,25,370,13,2,0,245,0,520,264,7,0,0,43,1,3,0,141,20829,1,4,5033,9,121,0,7,6,0,7,3,0,46,4,213,10,645,616,5297,83,730,184,24648,6,263,7,19,14,12,11,7,0,9,21,8,1,1,38,78,0,0,2,92,0,14,3,1,9,712,72,3,0,5,145,0,2,5,0,0,3929,13,2,20,22,55,182,4,8,201,136,0,8,484,437,401,762,9,237,498,456,0,0,0,0,40,0,109,5,125,0,0,11,14,77,8,58,0,21282,7,12,1,1765,1478,3,6,10,48,9,1,6,8,38,2259,0,161,46,17378,11,44845,6,10,0,0,0,3,3,91
